用户id,用户名,评论内容,评论时间,IP地址,点赞数,视频id
109518746100,辰光🌈,兔娘老师正的发黄[看],2025-07-20 ,重庆,16802,7528705988678487331
1530150326380775,x.,好奇问下河野华和网管君是什么关系,2025-07-19 ,江苏,8010,7528705988678487331
2648046027416798,风吹不吹风,走路摇真的很敬业了 还有个被兔娘辣评长的很牛逼的猫罐老师,2025-07-23 ,上海,5194,7528705988678487331
1383646369680108,金帛.SL,我记得兔娘是有教师资格证的，不被高中录用是因为身材太好容易影响学生学习,2025-07-20 ,江苏,3138,7528705988678487331
2722809719037309,小贤灬不闲（攒钱版）,兔娘在直播间教高数，她真会[捂脸][捂脸][捂脸],2025-07-31 ,安徽,1665,7528705988678487331
3872946898090100,愛言葉,兔娘能给到情绪价值啊，去现场真的能给你拉满，目前我找不出第二个能给到这么高情绪价值的女主播了,2025-07-19 ,浙江,1619,7528705988678487331
101113479297,末颜,河野华刷到好多次了，只有一种感觉，cos啥都想她自己,2025-07-21 ,浙江,1302,7528705988678487331
43577945888168,🌈辻辷,兔娘老师还真是老师，就是太那啥了，就没当老师了[展开说说],2025-07-31 ,重庆,863,7528705988678487331
99217420941,浮云骑士,兔娘现在这么厉害了嘛！刚开始的时候，她各种搞怪！现在都这么有人气了！,2025-07-19 ,四川,859,7528705988678487331
4242364773973524,Katy,铺垫半天 是给 河里滑打广告,2025-07-19 ,广东,452,7528705988678487331
109518746100,辰光🌈,兔娘老师正的发黄[看],2025-07-20 ,重庆,16802,7528705988678487331
75315146392,僅此而已,我就看到了精美雨姐写真,2025-07-20 ,江苏,25,7528705988678487331
3949877820400152,🫘🍒朱砂沁渲血薇紫夜☁️🧁,我金龟子姐姐和鱼白呢？[看][看],2025-07-19 ,四川,4,7528705988678487331
4129382616806131,今天也要开心,白莉爱吃巧克力 我觉得这个才算第一,2025-07-19 ,福建,15,7528705988678487331
4204988940695822,午马,Yasal,2025-11-08 ,安徽,0,7528705988678487331
1732478912969347,益州牧,北淼她们才是最敬业的cos，我爱她们。,2025-07-22 ,广东,6,7528705988678487331
2255818305838344,捕まえたぞ,谁懂水老师[捂脸],2025-07-29 ,广东,2,7528705988678487331
1106525136895673,🐙小碗子,我决定打开喜欢三天[憨笑],2025-07-29 ,陕西,0,7528705988678487331
2981466240723644,Saitou,@才音佳傑 @？？ ？ @用户776440203876 感觉还是兔娘有意思些，有点小抽象,2025-07-22 ,北京,3,7528705988678487331
3173623329471401,用户45168837649,经典永流传,2025-07-22 ,重庆,44,7528705988678487331
4418317852881080,我也很闲,河野华每次看她的cos都感觉脸和身子颜色不一样[捂脸],2025-08-03 ,云南,3,7528705988678487331
2491911625512532,風..,yasal很敬业是没错，但是不是同行举报的啊😦，国内很多coser也很热爱很还原，为了出cos去健身，为了还原烧了钢琴的这种比比皆是，踩一捧一作者吃相也太难看了[捂脸][鼓掌],2025-08-18 ,云南,40,7528705988678487331
2400968866005534,圆⭕️,柠姐人是真的好[流泪],2025-07-24 ,山东,5,7528705988678487331
1143911717803870,好喜欢睡觉,[看],2025-08-06 ,山西,1,7528705988678487331
3644236481439135,白泽,树叶前任呢[看],2025-07-19 ,江西,3,7528705988678487331
72938694968,渐行  渐远\_,啥也不说了，喝起来[看],2025-07-20 ,山东,3,7528705988678487331
93293990619,观情鹤,有第一个,2025-07-26 ,北京,1,7528705988678487331
2620881520830744,敬世间,男女老少都有的展子，18+的游戏，Bw做的也太不合适了吧[抱抱你],2025-07-23 ,山东,14,7528705988678487331
62123792135,示引,谁还记得以前中国的汽车市场，上海世纪八九十年代中国民用轿车市场几乎是一片空白，那时候上汽生产的桑塔纳一辆卖20W左右，那个年代的20W哦，后来慢慢的引进外国车企和中国本土车企做融资合资，中国汽车市场才算是成熟稳定下来，现在你七八万就能买一台家用轿车，引进外资的功劳密不可分。没有竞争就没有压力，就会停止发展。这也是咱们拼了命做军工研发的目的，落后就要挨打。,2025-07-20 ,重庆,34,7528705988678487331
1895193915171612,Carl,"1. “本土文化保护盾”
某些同行高喊“抵制文化入侵”，举报动作比练习基本功还勤快。人家专业Coser三小时热情互动，他们三分钟僵硬摆拍，最后发现打不过——就把球场灯光给掐了。结果观众举着手机闪光灯喊安可，照得“保护盾”比举报信还透亮。
2. “情绪价值经济学”
国内部分Coser的营业哲学：
- 粉丝排队？那是耽误我刷短视频的时间成本；
- 主动互动？那是自降身价的情绪折损；
- 被抢风头？立刻启动举报杠杆撬动竞品消失。最后账算明白了：专业卷不过，但举报的ROI（投资回报率）稳赚不赔。",2025-07-27 ,江西,12,7528705988678487331
2648046027416798,风吹不吹风,走路摇真的很敬业了 还有个被兔娘辣评长的很牛逼的猫罐老师,2025-07-23 ,上海,5194,7528705988678487331
2722809719037309,小贤灬不闲（攒钱版）,兔娘在直播间教高数，她真会[捂脸][捂脸][捂脸],2025-07-31 ,安徽,1665,7528705988678487331
84804387989,斯诺,"国内去韩国食堂，你们就吃这啊
yasal来国内漫展，你们就吃这啊",2025-07-22 ,山东,94,7528705988678487331
1383646369680108,金帛.SL,我记得兔娘是有教师资格证的，不被高中录用是因为身材太好容易影响学生学习,2025-07-20 ,江苏,3138,7528705988678487331
4007036502151244,老实鼠,coser 皆月光感觉也不错呀,2025-07-20 ,广东,1,7528705988678487331
1719247844419164,养只猫,[憨笑],2025-07-29 ,江苏,0,7528705988678487331
1357260306523907,闲雪,这个coser老师是谁啊[黑脸][流泪],2025-08-03 ,四川,4,7528705988678487331
2634028310596068,通知:,重点就来了，为什么要举报呢？因为是中国和韩国的一起来的。而韩国，我们当时一些人去的，对韩国的评价是觉得非常满足的，而对于我们中国的COS我们很多人的评价是像僵尸一样一动不动的，而且还露出一些嫌弃的表情。然后一些人就急了，就举报了，一句话。他自己觉得他自己很高大上，很看不起其他人。,2025-07-20 ,河南,28,7528705988678487331
98136338131,໑ຼₒ₂5❆꫁冥月꧔ꦿ᭄ᨳ,第一不是走路摇吗？啥时候落榜的？,2025-11-10 ,黑龙江,0,7528705988678487331
101113479297,末颜,河野华刷到好多次了，只有一种感觉，cos啥都想她自己,2025-07-21 ,浙江,1302,7528705988678487331
2660449707897800,杰尼杰尼,这里面我只认兔娘，她是真的敬业。,2025-07-19 ,上海,258,7528705988678487331
556810597054921,我是一条咸鱼,"中国coser：你们韩国人吃的这么差？
yasal：你们中国人吃的这么差？[看]",2025-07-22 ,河北,23,7528705988678487331
43577945888168,🌈辻辷,兔娘老师还真是老师，就是太那啥了，就没当老师了[展开说说],2025-07-31 ,重庆,863,7528705988678487331
1780865065032740,三寸光阴一个鑫,兔娘不是玩炉石的吗[戳手手],2025-10-20 ,广东,0,7528705988678487331
3411122069177851,Tink,一看就是男的，言语引导女性coser往这个方向发展，说真的，做到那是真厉害不容易，做不到也是人之常情，真想要贴贴不如把自己捯饬好看点香一点，好歹洗个澡清清痘和脓包！脓包！,2025-11-29 ,江苏,1,7528705988678487331
1297011951282845,岂有此李,老乡鸡是什么,2025-07-31 ,山东,0,7528705988678487331
1117522566058887,遏云歌,猫罐呢[黑脸],2025-12-08 ,湖北,0,7528705988678487331
103755609614,oi,轩墨宝宝,2025-12-10 ,安徽,0,7528705988678487331
67970951369,panda桑,"兔子看韩国吃播：就吃这？
韩国看兔子coser：就吃这？",2025-07-21 ,北京,15,7528705988678487331
97043543408,飘逸灬游灵,兔娘的唯一缺点就是身高了吧[流泪][流泪][流泪],2025-07-28 ,辽宁,76,7528705988678487331
3872946898090100,愛言葉,兔娘能给到情绪价值啊，去现场真的能给你拉满，目前我找不出第二个能给到这么高情绪价值的女主播了,2025-07-19 ,浙江,1619,7528705988678487331
514205441067495,㣻罖,兔娘什么实力不多说了[憨笑][OK]我没排上[捂脸][流泪],2025-07-20 ,天津,84,7528705988678487331
655787383062718,🌬️,好眼熟啊我好像在哪部视频见过,2025-08-30 ,甘肃,0,7528705988678487331
4253347179669223,风与花海,说真的，现在的国内cos这就是门槛越来越低了，随便穿1套衣服，再戴个假发，就在那里随便扭两下就可以赚到二次元的钱了，也确实挺好赚的，评论底下一堆人在那恭维也是有点别说我说的不对十个cos女主播里面有五个是这样子且这个圈子里面的女主播cos还是有些吃黑红流量的，本来网络名声就已经很臭了，结果还要在那里霍霍其他游戏的角色和那些厨子这里我就不重点表明是谁了总之就是懂得都懂[微笑][微笑],2025-07-19 ,江西,40,7528705988678487331
94287335273,忆山南ᵉᵃᵛ,兔娘我看她的第一个视频是金足印象，自此就喜欢上她了[流泪]去年生日当天也是成功见到了,2025-08-16 ,上海,16,7528705988678487331
108397256802,ㅤㅤㅤ ㅤㅤ   ㅤ,还有悟空，超暖的,2025-08-19 ,广东,2,7528705988678487331
4301708133406068,𝙆𝙄𝘿,@,2025-10-29 ,广东,0,7528705988678487331
76244540295,方差的猫,最开始的C圈不喷颜是因为大多都是爱好者，现在既然都卷起来了，更有甚者靠cos打各种擦边了，既然先破坏市场，那就该喷喷[憨笑],2025-07-22 ,上海,11,7528705988678487331
102356305449,R M,[尬笑][看],2025-07-20 ,浙江,186,7528705988678487331
1530150326380775,x.,好奇问下河野华和网管君是什么关系,2025-07-19 ,江苏,8010,7528705988678487331
7463237805,小龙包,最敬业的我宣布是喵小吉,2025-07-23 ,江苏,11,7528705988678487331
851460188016795,咕噜猫,兔娘就算了吧两年前还是三年前发的厌男日常作品2小时删了当时记得只有一万多赞，现在靠厚米们尝到甜头了[憨笑][赞],2025-08-16 ,广西,1,7528705988678487331
2856974922038179,蛋挞大包,河野华都算敬业了吗[捂脸]那走路摇算什么,2025-07-19 ,江苏,243,7528705988678487331
1959810109803520,溟月,河野华有啥事迹么，我觉得她出啥cos都一个模样[微笑],2025-07-19 ,四川,194,7528705988678487331
2035891299950827,Michael Jackson,实话实说田一名的cos才是顶流好吧,2025-07-20 ,四川,25,7528705988678487331
776729661541612,星辰予你,河野华？[尬笑]那很幽默了[赞],2025-07-22 ,河北,259,7528705988678487331
103882570624,不要的坂本,评论还有搁那破防的“往男的身上贴就敬业了”，你是指像个尸体更敬业吗？还是板着脸更敬业，人家跟你合影你不贴着不如搁那一站拍个全家福，cos 是尸体的，卖福利是不含糊的[看],2025-07-27 ,江苏,17,7528705988678487331
1506759785842771,伊兰,这有什么好辱骂国内举报的那些人，难道韩国人就不会骂中国人了吗？[泪奔],2025-07-31 ,山东,2,7528705988678487331
96570531355,特大号的理查德,朋友是这个嘛[看],2025-07-19 ,浙江,35,7528705988678487331
4110445276318843,Gargantua,河野华就一商单王都推荐啊,2025-07-19 ,上海,60,7528705988678487331
2669229863867564,溺爱❤️ももちゃん,河野华差不多得了，前面骂粉丝，没广告不更新，赚贵南钱和男朋友美美度秘鱼[憨笑],2025-08-03 ,重庆,7,7528705988678487331
99217420941,浮云骑士,兔娘现在这么厉害了嘛！刚开始的时候，她各种搞怪！现在都这么有人气了！,2025-07-19 ,四川,859,7528705988678487331
102929150260,学习中的🧊,所以蠢沫沫也是 coser 啊[流泪],2025-07-31 ,北京,6,7528705988678487331
2450174803711486,浅夜无眠,最后一个还是算了，cos谁都一个样 还一股仙女味 [尬笑],2025-07-20 ,山东,73,7528705988678487331
1893821031923162,倪倪,其实国内coser就是被捧成这样的啊[捂脸]一开始敬业的也不少,2025-07-24 ,湖北,30,7528705988678487331
7538475983305851963,一直咕噜噜的小小鱼,竟然没有猫罐老师吗[泣不成声]超级喜欢她[泣不成声]另外两个coser我不熟我就不说了，但是我真心觉得猫罐老师的妆要比翠翠好一点[宕机]翠翠主要是嘴巴的辨识度太高了[流泪]不然真的特别特别特别特别优秀[流泪],2025-11-24 ,河南,1,7528705988678487331
76347273451,归去,这个主播在哪里看啊？,2025-07-28 ,江苏,0,7528705988678487331
2966939046515210,你给我滚,再给人起外号呢[抱抱你][抱抱你][抱抱你],2025-07-21 ,辽宁,5,7528705988678487331
4171964524017047,呀~,@碳基生物 好好看,2025-08-14 ,河北,0,7528705988678487331
1778338790382171,Toska,大尺度营业就是过于敬业了[捂脸]那每年被拦在萤火虫外面的人要喊冤[呲牙]评论区都是找yasal要胸贴的吧[捂脸][赞],2025-07-20 ,河南,68,7528705988678487331
1957588799860216,▁倔强こ男孩う,看不来河野华的脸，跟我犟就是你对[鼓掌],2025-07-29 ,浙江,9,7528705988678487331
82502287088,晴空飞鸟,河野华还是算了吧，确实好看，但cos的大部分角色都是她自己，而不是原本的角色[流泪],2025-07-20 ,湖南,40,7528705988678487331
2322585913660599,阿烁,鹤立鸡群哪个人才想到的[憨笑][憨笑],2025-07-21 ,山东,10,7528705988678487331
111272239694,想不到,我终于理解为什么国家要让特斯拉来中国建厂了[捂脸],2025-07-22 ,广东,14,7528705988678487331
1398190680582638,素质.,我只能说是卖的把不卖的给举报了[捂脸],2025-08-03 ,河南,13,7528705988678487331
3076861291665980,不蒸辣,@此生 [得意][得意][得意],2025-08-04 ,河南,0,7528705988678487331
3402324588109484,寂烬,虽然但是，她瞳距是不是不太正常…,2025-07-19 ,上海,13,7528705988678487331
3315717472518624,森柠,服装没问题，你视频干嘛打码呀？全放出来啊，你视频都需要打码，线下穿出来就合适了[疑问],2025-08-13 ,新疆,3,7528705988678487331
71455955973,LLL-第2807慢众包,"无论是白月光里的擦边女,还是黄月光里的敬业精神,都是被污染的［文化］,

相当于被污染的经济（资本家）,只是说不同的社会面,长的不一样。",2025-07-21 ,广东,4,7528705988678487331
3949899898695367,我是不是你的大猪蹄子,兔娘可不能当老师,2025-10-24 ,天津,0,7528705988678487331
2229397440692516,dy3o53muxd7z,兔娘，就像好兄弟，突然变成女的[看],2025-08-17 ,广东,49,7528705988678487331
68341747460,Zz 💥,难道谁不知道国内cos圈是个怎么回事吗?,2025-07-20 ,湖北,34,7528705988678487331
1109855715727819,炊厨师,打着cosplay的名义 去性暗示 666,2025-09-12 ,广西,5,7528705988678487331
3333332620025992,在厨房里把痔疮揪出来给顾客炒两菜,[微笑][微笑],2025-07-30 ,广东,0,7528705988678487331
2229405282215651,也不错👻,嗯，怎么说呢[看],2025-07-20 ,湖北,11,7528705988678487331
3192637364645176,君の名字,,2025-08-08 ,广东,0,7528705988678487331
95910549796,我不会鹰语,不必多言[赞][憨笑],2025-07-27 ,新疆,139,7528705988678487331
1390213027335645,一江春水花月夜,额我觉得bw既然是很知名的漫展，那么在这种情况下应该找大家都了解的角色去出啊，而且棕色尘埃2它的知名度最起码在国内不够高吧，我身边很多朋友都没听过这个名字甚至，而且这个游戏的本身尺度就已经19➕了，场内未满19的人也不占少数，既然漫展的面相群体是所有人，那为什么不把这些年龄段的人群也考虑进去，主办方也没有提前进行通知说要出这里的角色，我承认这个coser的实力很牛，但是做这件事情它不是完全正确的[憨笑][左上],2025-07-27 ,黑龙江,6,7528705988678487331
109421220644,fly～,漫展穿qqny可以的[赞][憨笑]受众群体谁啊好难猜[憨笑],2025-08-01 ,云南,7,7528705988678487331
110815996116,正经人纯白,兔娘身高到现在也是可可爱爱的密[看][玫瑰],2025-07-24 ,四川,9,7528705988678487331
2641486647661651,風逝无迹,河野华你是不是夸不出别的来了是吧[看]，也被调好了？你这主题不如放摇姐上去,2025-07-19 ,吉林,19,7528705988678487331
96513754940,🌈沉溺,河里滑虽然挺敬业，但是她的cos都是cos的她自己啊,2025-07-19 ,江苏,10,7528705988678487331
808885210070903,幸福时光,兔娘请吃汉堡几千？快上万了好像，还直接到贴了不少。之前接单接便宜要不也不至于[捂脸][捂脸][捂脸],2025-07-26 ,山东,93,7528705988678487331
8165662129,京承漏拍王🤬,COS个这个[憨笑]来来来,2025-08-04 ,北京,0,7528705988678487331
3349538121985562,用户4048082660868,第三个我才认出，是拍0元购[宕机]，那三个都认识了[看],2025-07-21 ,广东,6,7528705988678487331
58847744574,工藤九一,我还是喜欢悟空这样有边界感的萌妹,2025-11-16 ,重庆,0,7528705988678487331
470180531015508,红茶奶盖奥利奥,熊莉？本家？,2025-10-28 ,江苏,0,7528705988678487331
4059037543970285,黑色羽毛笔,给我笑晕了，一边举报人家，一边在推特那边卖篇[捂脸][赞],2025-07-26 ,河南,93,7528705988678487331
87096053599,6,一开始关注兔娘是因为她打酒馆谁知道[捂脸],2025-07-30 ,四川,6,7528705988678487331
3514509975356175,灰色的人间,就那个兔娘出色的外貌？？？这要是喝酒敢吃果盘我立刻报警 你们是真饿了,2025-08-01 ,辽宁,0,7528705988678487331
1215397255184906,东邪,兔娘最开始火不是因为cos吧。我记得是一个她跟她闺蜜。雅狗拍的金足印象洗脚城,2025-07-19 ,黑龙江,19,7528705988678487331
2229408060154451,他`,兔娘也仅仅让牢底勉强上100心率而已，而发现对手是克烈基本都是150了[看],2025-07-31 ,四川,3,7528705988678487331
67684577134,梅兴趣,她在韩是二线可想而知我们的coser是什么样的[灵机一动][灵机一动],2025-08-03 ,四川,3,7528705988678487331
1231877366876717,哈基心,@白西瓜SY 我最爱的姜老师，是我唯一喜欢的cos（擦边的那种不算）[看][看][看],2025-07-19 ,吉林,2,7528705988678487331
3148612044065224,whjay,我真的好奇老乡鸡们是怎么查到外国人的签证是什么签的，难道是举办方或者是外国人自己发的？[看],2025-07-29 ,新疆,18,7528705988678487331
95836867341,晚风风,,2025-07-23 ,江苏,1,7528705988678487331
91578276490,方影233,高中地理学过，引进国外先进企业，倒逼国内产业转型升级,2025-07-19 ,河北,13,7528705988678487331
60495136847,🥒,正首尔暴打副首尔[捂脸][捂脸],2025-07-30 ,安徽,27,7528705988678487331
105116915652,猫普拉,走路摇呢？,2025-07-19 ,广西,103,7528705988678487331
2080692803471853,😇🤬,国内女cos动不动就被男凝一样,2025-08-04 ,贵州,1,7528705988678487331
2185454608461608,氿辞(洲纯绿代跑),我也是第一天去的bw，但是因为我姐的原因，我没逛完展，也没看见yasal[流泪]我姐去排光与夜和崩铁的队，还让我等她，然后单是一个光夜就等五个小时，崩铁等了一个小时,2025-07-21 ,安徽,10,7528705988678487331
58484816511,哪有吃席不带塑料袋的,有虎纹章鱼枣糕月野喵都不一定能有河里滑吧 [抠鼻]  [抠鼻],2025-07-21 ,山东,20,7528705988678487331
3966684840596712,cfmj7zd,cos给我一种看过又没看过的感觉,2025-07-27 ,广东,17,7528705988678487331
79903042853,若风.,我走路瑶，才是最敬业的，一心工作，没有任何负面消息[捂脸],2025-07-24 ,广东,3,7528705988678487331
2045560039150398,李爱群,弹幕没事吧[宕机]莫名其妙就开始骂老乡鸡了，盐水鸭也不少啊,2025-07-30 ,四川,1,7528705988678487331
72320571012,不是羊,悟空？悟空不敬业么？我线下见过四五次了 非常非常真诚的小女孩,2025-09-06 ,吉林,7,7528705988678487331
83347913042,伊泽瑞尔,没太关注cos，但兔娘我知道，她的确挺敬业的，平常被人开玩笑也不会闹情绪。上次看到她和龙虾合作特别有趣[笑哭],2025-07-29 ,广东,65,7528705988678487331
2283066474893534,二货老登,我把焚决告诉你们吧，怕这种模糊打码的，先炸豆包，让他把模糊打码，然后再跟豆包说跟他还原这个老照片[呲牙],2025-07-28 ,湖南,9,7528705988678487331
3320942811948524,用户7246536419516,好像兔娘真的是教高数的[看],2025-07-24 ,广东,4,7528705988678487331
110637128524,半山雾雨,还是喜欢我水淼老师,2025-07-28 ,四川,11,7528705988678487331
3567255439026567,修罗天书,没有走路摇我摇姐我第一个不服。后续又不服的兄弟们接上。,2025-07-19 ,贵州,25,7528705988678487331
512797134297710,刘窜曦,玩cos的嫉妒心都这么强？,2025-07-23 ,湖南,10,7528705988678487331
76100747269,叶枫,拯救二次元的天使哈哈哈哈笑死我,2025-07-31 ,广东,1,7528705988678487331
100646500879,🌈时间与梦幻,拯救二次元？ 就问句二次元有正常人吗,2025-07-29 ,广东,0,7528705988678487331
2986752620632878,故梦.,人家可是真正实力，没这个实力所以看起来像僵尸[尬笑],2025-07-24 ,湖南,20,7528705988678487331
93219590616,用户597346,[捂脸],2025-10-09 ,湖南,0,7528705988678487331
73695096284,终是一枕槐安,韩国炸鸡不是真的鸡。但是老乡鸡他是真鸡啊,2025-07-19 ,湖南,74,7528705988678487331
1877594007939534,雨过月华升,呀，全女呢？ghg呢？果然女人的最大敌人就是女人，还对立不了[呲牙],2025-11-19 ,黑龙江,1,7528705988678487331
68417585466,乞寻人生之意,兔娘是咬一口兔娘那个吗？,2025-08-26 ,福建,1,7528705988678487331
102103200622,茸宝不开心了,兔娘老师[送心][送心][送心][送心][送心],2025-07-19 ,江苏,188,7528705988678487331
101798465642,痂谢谢,河野华广告鉴定完毕,2025-07-30 ,山东,10,7528705988678487331
101179597411,山竹山竹,敬业？走路摇应该也挺敬业的,2025-07-31 ,贵州,3,7528705988678487331
838268951470698,薄清。,国内老乡鸡参考白姨，小赖君？,2025-07-20 ,福建,9,7528705988678487331
1271465940107060,你快乐过生活,之前有一个玩二次元的在微博发什么去怼那些男的 殊不知那些男的都是给钱她赚的~忘记叫啥了,2025-07-20 ,广东,10,7528705988678487331
4410886326856792,网络大皇帝,一边说人家是正经coser，一边喊韩国炸鸡，这就是国内肥宅哥,2025-07-26 ,上海,16,7528705988678487331
70555965916,心似阴天小雨,在这之前从来没刷到过[震惊],2025-08-06 ,河南,0,7528705988678487331
1110972872530564,花凛,弹幕有些人别拐乙游好吗，怎么什么都能扯到乙游身上[憨笑],2025-07-31 ,云南,0,7528705988678487331
232718498805742,骆锦羲,"同行就是嫉妒才举报

人性最大的弱点就是嫉妒见不得别人比他自己好",2025-12-17 ,浙江,0,7528705988678487331
2167870193666820,🌈囍錵,熊大（柠好不好）熊二（兔娘）都不错[捂脸],2025-07-20 ,河北,3,7528705988678487331
95738831403,呱呱o.0,河野华换成走路遥就更好了,2025-08-03 ,山东,3,7528705988678487331
2874589419936169,喵了个咪,走路摇才是国一,2025-07-31 ,宁夏,28,7528705988678487331
4085440858301294,Keyman,我不记得兔娘多久没有讲过数学了，恐怕她已经不记得了[呲牙],2025-07-29 ,广东,45,7528705988678487331
4055477397492028,惊鸿一瞥,河野华算了吧[捂脸]骂粉丝怕都不知道吧,2025-07-19 ,河北,34,7528705988678487331
353376164132940,用户39657562365,老乡鸡真的是超级贵，脾气有臭，服务又差，这不行那不行的[发怒],2025-07-19 ,广东,22,7528705988678487331
75639919428,犇爷,少见多怪国内也有都被保安拦了[尬笑]漫展有穿着规定这韩国的也是走关系才勉强抗一会儿,2025-07-29 ,北京,14,7528705988678487331
1213460637567336,Meatball,雪乃说的对[流泪],2025-08-23 ,黑龙江,49,7528705988678487331
949623921581379,真小c,还有阿熏，为了cos增肥，为了cos减肥[流泪][流泪][流泪][流泪],2025-12-07 ,河北,0,7528705988678487331
2485361202173022,哈基米塔,这还需要扒账号吗，推都明白在那里了而且是真好看,2025-08-02 ,广东,5,7528705988678487331
1917186267692045,心想事成1,Yasal翻车了，cj去配黄毛去了[暗中观察],2025-08-06 ,广东,59,7528705988678487331
2991091192960520,布希,cos谁都是自己,2025-07-20 ,北京,25,7528705988678487331
7494977621874099260,古月一代,老乡鸡是哪个？能艾特一下吗[愉快],2025-07-31 ,安徽,3,7528705988678487331
4031277254850488,柠白好鹿,我最喜欢柠好不好？,2025-07-21 ,江苏,0,7528705988678487331
1754423380148556,阿年,韩国炸鸡和老乡鸡这两个称呼很尊重人吗 还有你到yasal那里为什么打码你自己心里清楚[猪头],2025-08-02 ,江西,0,7528705988678487331
3444136968993911,魏寒棉,cos圈本来就有点猎奇[憨笑],2025-08-22 ,广西,1,7528705988678487331
3296776580510857,railgun,三位到bw韩国coser都是很敬业,2025-07-19 ,海南,11,7528705988678487331
1003207942744509,隆腾虎跃牛牛牛,我看LPL八年了 韩援厉不厉害我能不知道吗[泪奔],2025-07-20 ,山东,20,7528705988678487331
2100487357211177,猪小憨,当劣币驱逐良币成为社会“共识”，当死不要好成了理所应当,2025-07-27 ,江苏,3,7528705988678487331
1336603594726248,刻皇,@🐳冬至。 @苏逸初 @阿米 @曦崽.🍓 川师大,2025-08-04 ,上海,0,7528705988678487331
2471313411674174,伯岩,提示：这个兔娘不是咬一口兔娘[憨笑][赞],2025-08-03 ,贵州,0,7528705988678487331
61705136580,心拍音,抖音的人类还在好奇兔娘跟咬一口兔娘究竟是不是一个人,2025-07-20 ,青海,63,7528705988678487331
2977117836680222,Sober･,兔娘的数学是真的牛逼[九转大肠],2025-08-03 ,内蒙古,20,7528705988678487331
83880510632,胜利综合症,[强],2025-07-31 ,广东,2,7528705988678487331
2256674426195567,Alex1014,东北雨姐写真？真的假的[看],2025-07-22 ,天津,9,7528705988678487331
73855011069,ai呀刘魔王,网友是怎么知道是谁举报的亚索老师[白眼],2025-07-19 ,江西,11,7528705988678487331
3456471785284548,chem,比原神新角色穿得多，所以为什么没人去喷这个？ [捂脸][捂脸],2025-08-07 ,贵州,1,7528705988678487331
1151896245240328,海問香香,怪不得LPL年年有希望。全华班打不过韩援啊[流泪][抱抱你],2025-07-24 ,浙江,41,7528705988678487331
105394165506,琉克,第一个穿的啥？,2025-11-06 ,云南,0,7528705988678487331
79973964934,呐，啥东东都没有,兔娘好漂亮[看],2025-07-20 ,广东,6,7528705988678487331
891082618439180,上杉の绘梨衣,竟然没有水淼老师[看],2025-08-04 ,内蒙古,13,7528705988678487331
67568889730,念,猫罐呢，虽然不知道她很多[流泪],2025-07-19 ,广东,25,7528705988678487331
3460866524068756,ㅤㅤ_ㅤ,t0老乡鸡——传奇耐抽王,2025-07-19 ,浙江,9,7528705988678487331
62883845380,青栞,看到河野滑就滑走了没问题吧,2025-07-20 ,安徽,89,7528705988678487331
67391073105,被怼被用鲍,兔娘人家之前是要当老师的，好像说声音太嗲不能当[捂脸],2025-07-30 ,广东,20,7528705988678487331
1867409035895003,小俞,熊莉本来就是数学专业的[捂脸][OK],2025-07-24 ,湖北,39,7528705988678487331
107817716684,香草凌小雪,橙子喵酱算吗？,2025-08-07 ,广东,1,7528705988678487331
756060516527821,致橡树,老乡鸡太坏了,2025-07-19 ,江苏,17,7528705988678487331
2351189900139817,懒懒散散晒太阳,给老乡鸡整破防了，老乡鸡有门槛,2025-07-23 ,天津,3,7528705988678487331
76348868398,杰尼,谁举报的yasal,2025-07-20 ,安徽,19,7528705988678487331
67882695275,久不见,别的不认识  我只知道兔娘的粉丝轮流见面会,2025-08-06 ,江苏,1,7528705988678487331
101860948068,醒醒呀,国内的coser[捂脸]打一种动物[尬笑],2025-07-31 ,山东,2,7528705988678487331
78969924346,上可九天揽岳,能在虎扑打9.0以上的 直接关注就行,2025-07-19 ,广东,9,7528705988678487331
620592564567855,祐芯铭,不要雾化女性,2025-07-19 ,陕西,10,7528705988678487331
3417736194309384,哈哈哈哈哈哈哈哈哈哈哈,看看下面这是谁[呲牙],2025-07-29 ,浙江,1,7528705988678487331
77509162258,213会长,"人气没人家高时：穿着c服擦边～cos圈都被这种人污染了！
人气比人家高时：这是穿衣自由～肮脏的是你们的思想！
[看]",2025-07-31 ,浙江,1,7528705988678487331
2629639221293214,H.6,cos的角色由展方选 选成这种18➕游戏的角色在任何年龄都能进的漫展里面本身就不合适 受众群体就更不应说了[绝望的凝视],2025-07-21 ,广西,2,7528705988678487331
1119781841280121,陈楷然,吃着擦边的饭，骂着顾客[赞],2025-07-19 ,安徽,5,7528705988678487331
2788831857222087,迟迟,商单仙人就算了吧，b站训狗的事情你们是忘的一干二净哈[憨笑][憨笑][憨笑][憨笑],2025-08-08 ,甘肃,1,7528705988678487331
3924615786665840,璃月往生家,这些都是哪些角色呀 [捂脸],2025-11-16 ,四川,0,7431763606619819299
76752810528,A喵,内心毫无波澜,2024-10-31 ,湖南,1,7431763606619819299
104718080851,夏日的风,,2025-11-09 ,山东,0,7431763606619819299
3512318061459504,冯林童,那里cos了纯擦,2025-10-31 ,重庆,2,7431763606619819299
1201140535132215,释怀☯️,神奇女侠 这个……你想想[思考][思考][思考],2024-09-02 ,浙江,3,7298253669399579930
7436031908955849786,冬眠,看见我家哥哥了,2025-03-23 ,广东,0,7298253669399579930
7433874848,阿达📸,死侍的经典名场面居然没有，可惜了,2024-04-01 ,河北,1,7298253669399579930
1798456284031159,飝,,2024-01-25 ,河南,0,7327672231759236367
68618203961,沉寂的生活,看这个作品发现个事，国家队里的02大家都cos不出来那种感觉了，大家都做不出那种“微笑的冷漠”,2024-01-25 ,黑龙江,0,7327672231759236367
99113896177,[],有华选华没华重开,2024-01-25 ,山东,0,7327672231759236367
60839841486,real兰兰momoko,曦曦[玫瑰],2024-01-24 ,福建,0,7327672231759236367
111066907423,一只胡桃厨,[送心][送心][送心],2024-01-24 ,广东,0,7327672231759236367
4064213690519982,绸眸,@Anoxia。,2024-03-17 ,广东,0,7327672231759236367
3355360717181662,ㅤㅤㅤㅤㅤㅤㅤㅤㅤㅤㅤㅤ,但凡有个博主敢拍这个视角不是封号最少也是被举报下架[捂脸],2025-05-28 ,浙江,472,7458460836672113979
53066574033,战魔,,2025-11-05 ,广东,5,7458460836672113979
105603668724,🌈Chunchun巧克力,主播身材太哇塞了，可以去打败小衣又嘛[暗中观察],2025-09-17 ,广东,2,7458460836672113979
2454522600363843,圣辉,你你是前胸还是后背啊？你去拔罐的话是拔前面还是拔后面？,2025-08-14 ,江苏,5,7458460836672113979
1701656741295710,一花一软橘,天呐 这么轻 那不能有了,2025-08-27 ,广东,2,7458460836672113979
598555569959055,吾名百耀,哥们儿，你别搞,2025-07-05 ,内蒙古,0,7458460836672113979
3105501011779647,Stupid.姜,@Hny. 这个和你差不多[捂脸],2025-03-27 ,福建,2,7458460836672113979
130165712356108,阿枫,依旧,2025-06-28 ,黑龙江,4,7458460836672113979
3905116674730676,乌鲁鲁,前背[看][看],2025-01-11 ,云南,121,7458460836672113979
97244913959,和泉风花,@!!(•'╻'• ۶)۶啾！,2025-06-14 ,山东,0,7458460836672113979
3003471544212540,奇迹降临,俩个绾绾,2025-08-06 ,山东,4,7535417885414460732
149147574877335,꧁༺米修༻ ꧂,柳神,2025-08-14 ,河南,1,7535417885414460732
94689010394,蒋蒋,谁也cos不到位云霄[我想静静],2025-09-03 ,广东,4,7535417885414460732
2559266058670256,🍭小圆子🍭,第一位吧,2025-10-31 ,四川,0,7535417885414460732
106802643384,琪宝宝,我喜欢采儿，可这cos不像啊,2026-01-02 ,河南,0,7535417885414460732
97905291205,一副山水画,就姬如雪像点,2025-09-04 ,山东,2,7535417885414460732
87337868197,夜凌云,@雾中月影 @$旭日东升 @爱意与她皆失 @꧁✿朱雀✿꧂,2025-08-20 ,浙江,2,7535417885414460732
23145136065,qzuser,看雏田那期,2025-10-30 ,山东,0,7265495915329277196
1992750653246472,月亮_🌙,董卓看貂蝉[捂脸],2024-12-10 ,湖南,4,7265495915329277196
99216351729,诺艾尔,真的顶,2023-10-25 ,河北,10,7265495915329277196
23145136065,qzuser,从高中看到现在,2025-10-30 ,山东,0,7265495915329277196
52284910465,无人与我🐯,@寒风逸 @思小蒙 @玖肆 @冲锋号 @火光烟雾 @一只大西瓜🍉 @黎祜海,2023-10-05 ,湖南,0,7265495915329277196
3466091751284573,蛋包饭,,2025-06-30 ,河南,40,7520877325530959146
3958657964050855,菜叶三角洲,第二位来一下，剩下的先出去,2025-06-29 ,陕西,75,7520877325530959146
4125808826516427,营长,,2025-07-08 ,江苏,0,7520877325530959146
358855840378588,方法反反复复,,2025-06-30 ,广东,1,7520877325530959146
96066679740,我超可爱。,要不要我发一个这样的视频？跟第一个一样,2025-11-29 ,四川,0,7520877325530959146
3650847766231799,小黄,,2025-07-03 ,河南,0,7520877325530959146
1869613033599486,常茗贺,我的火之意志无法动摇,2025-07-26 ,河南,1,7520877325530959146
61598206281,我就是我，不一样的烟火,"天空属于哈夫克
地面属于阿萨拉
河流属于尼罗鳄
麦晓雯属于我[阴险][阴险]",2025-08-09 ,四川,2,7520877325530959146
1965532059535367,董杨,66 6万小文,2025-08-05 ,云南,1,7520877325530959146
2394075575103496,人生的快乐在哪里？,屠龙：,2025-08-07 ,陕西,1,7520877325530959146
3811364223848451,宠安,,2025-07-26 ,湖北,0,7520877325530959146
358855840378588,方法反反复复,,2025-06-30 ,广东,5,7520877325530959146
100877664988,Sⅈꪀᧁꪶꫀ .,,2025-08-07 ,贵州,0,7520877325530959146
3825914082762172,漂流,黑龙,2025-06-29 ,陕西,10,7520877325530959146
96762033119,倩言,,2025-06-30 ,湖北,0,7520877325530959146
3195605181794220,虾仁鼠鼠,唉还是大红被我们燃镜开的最好用。哎，这些不了，你一定不会，怎么只有大红和哈弗你才是宝贝。,2025-12-21 ,山东,1,7520877325530959146
1314654802426556,周林,《中华人民共和国治安管理处罚法 第四十二条 ：如果开黄腔的行为包含发送淫秽、侮辱、恐吓等信息，干扰他人正常生活，可能违反该条款，面临行政处罚，如拘留和罚款 。《中华人民共和国治安管理处罚法》第四十二条 ：如果开黄腔的行为包含发送淫秽、侮辱、恐吓等信息，干扰他人正常生活，可能违反该条款，面临行政处罚，如拘留和罚款 。《中华人民共和国治安管理处罚法》第四十二条 ：如果开黄腔的行为包含发送淫秽、侮辱、恐吓等信息，干扰他人正常生活，可能违反该条款，面临行政处罚，如拘留和罚款 。《中华人民共和国治安管理处罚法》第四十二条 ：如果开黄腔的行为包含发送淫秽、侮辱、恐吓等信息，干扰他人正常生活，可能违反该条款，面临行政处罚，如拘留和罚款 。《中华人民共和国治安管理处罚法 第四十二条 ：如果开黄腔的行为包含发送淫秽、侮辱、恐吓等信息，干扰他人正常生活，可能违反该条款，面临行政处罚，如拘留和罚款 。《中华人民共和国治安管理处罚法》第四十二条 ：如果开黄腔的行为包含发送淫秽、侮辱、恐吓等信息，干扰他人正常生活，可能违反该条款，面临行政处罚，如拘留和罚款 。《中华人民共和国治安管理处罚法》第四十二条 ：如果开,2025-10-10 ,四川,3,7520877325530959146
1622507123388861,放飞自我,,2025-07-30 ,广东,0,7520877325530959146
4369908746696123,Amazon,冷知识第一位是个男的。,2025-07-04 ,江苏,5,7520877325530959146
748097116322413,海兰,拒绝女色，拒绝擦边 复兴华夏,2025-06-29 ,江苏,2,7520877325530959146
2576894667786142,du 杜淑明,OK啊，四个账号一起上,2025-07-29 ,四川,0,7520877325530959146
546909465621008,84763862846,《中华人民共和国治安管理处罚法 第四十二条 ：如果开黄腔的行为包含发送淫秽、侮辱、恐吓等信息，干扰他人正常生活，可能违反该条款，面临行政处罚，如拘留和罚款 。《中华人民共和国治安管理处罚法》第四十二条 ：如果开黄腔的行为包含发送淫秽、侮辱、恐吓等信息，干扰他人正常生活，可能违反该条款，面临行政处罚，如拘留和罚款 。《中华人民共和国治安管理处罚法》第四十二条 ：如果开黄腔的行为包含发送淫秽、侮辱、恐吓等信息，干扰他人正常生活，可能违反该条款，面临行政处罚，如拘留和罚款 。《中华人民共和国治安管理处罚法》第四十二条 ：如果开黄腔的行为包含发送淫秽、侮辱、恐吓等信息，干扰他人正常生活，可能违反该条款，面临行政处罚，如拘留和罚款 。《中华人民共和国治安管理处罚法 第四十二条 ：如果开黄腔的行为包含发送淫秽、侮辱、恐吓等信息，干扰他人正常生活，可能违反该条款，面临行政处罚，如拘留和罚款 。《中华人民共和国治安管理处罚法》第四十二条 ：如果开黄腔的行为包含发送淫秽、侮辱、恐吓等信息，干扰他人正常生活，可能违反该条款，面临行政处罚，如拘留和罚款 。《中华人民共和国治安管理处罚法》第四十二条 ：如果开,2025-09-23 ,河南,0,7520877325530959146
358855840378588,方法反反复复,,2025-06-30 ,广东,1,7520877325530959146
3046095444779511,太原中泽纯境家事速配,这个又如何呢？,2025-07-02 ,山西,1,7520877325530959146
1908393982296397,华姐,男的,2025-06-30 ,吉林,2,7520877325530959146
102834229429,小黑子,啊哈,2026-01-01 ,贵州,0,7520877325530959146
1627737698863944,阿影,妈妈（堵桥用）,2025-11-08 ,四川,0,7520877325530959146
1093330828797075,佩恩,,2025-10-02 ,河南,0,7520877325530959146
109589972731,用户1572538655028,,2025-11-15 ,湖北,0,7520877325530959146
100877664988,Sⅈꪀᧁꪶꫀ .,我的北极熊呢？,2025-08-07 ,贵州,0,7520877325530959146
109589972731,用户1572538655028,,2025-11-15 ,湖北,0,7520877325530959146
85800545080,嗯！？,A legs kost,2025-08-20 ,河南,0,7520877325530959146
358855840378588,方法反反复复,,2025-06-30 ,广东,0,7520877325530959146
109567277556,天意,,2025-06-29 ,辽宁,0,7520877325530959146
2212658950703783,高能之光,族人们，吃饭了,2025-07-05 ,湖南,0,7520877325530959146
2814346486877204,ˡºᵛᵉ Gloria,－ ＂,2025-09-13 ,意大利,0,7520877325530959146
2682420980624704,夺舍流专家,？？？？？？？？？,2025-11-10 ,广东,0,7520877325530959146
1047182786436343,南梦破碎Sp6,这么像吗,2025-12-11 ,四川,0,7520877325530959146
2199500079250845,土豆,我不开视频来打卡的[灵机一动],2025-07-30 ,湖南,0,7520877325530959146
4490860244247725,耿旋,直接拿下这个人了，就不给你们拍别的了，只拍这个吧，这个怕你们羡慕,2025-06-30 ,山东,5,7520877325530959146
580961698845876,雷枪少年,所谓的美色到头来也不过是黄土一捧而尘归尘土归土！,2025-06-30 ,河南,1,7520877325530959146
210707026030941,热血男梁,[看][看][看],2025-11-04 ,上海,0,7520877325530959146
358855840378588,方法反反复复,,2025-06-30 ,广东,0,7520877325530959146
1622507123388861,放飞自我,,2025-07-30 ,广东,0,7520877325530959146
7493509842838848569,〔哈夫克博士〕罗米修斯,？,2025-08-20 ,湖北,0,7520877325530959146
3002084294931940,不知道起什么名字,为什么没有威虫，还有红狼？,2025-09-20 ,湖北,0,7520877325530959146
7486097911282975804,顺心如意,小时候看第二个，还看的很开心，还觉得他很帅，长大怎么感觉他好糖啊,2025-11-10 ,江西,0,7520877325530959146
100877664988,Sⅈꪀᧁꪶꫀ .,,2025-08-07 ,贵州,0,7520877325530959146
4019445035707955,阿娜伊斯·德穆兰[安全总监],麦晓雯的水墨云图好像没有那黑色的吧[黑脸],2025-07-02 ,重庆,3,7520877325530959146
96587014395,玉儿铃铛,,2025-07-05 ,河南,0,7520877325530959146
1761889961389943,阿努比斯,AIeksKost,2025-08-08 ,内蒙古,0,7520877325530959146
761329020318424,丨_糕冷的于少^⺄,第二个有可能是老主播唯一不忘本的一个了,2025-07-19 ,山东,1,7520877325530959146
358855840378588,方法反反复复,,2025-06-30 ,广东,0,7520877325530959146
1399046305745000,梅姐^,三角洲我用的角色是第二位，蜂医。,2025-07-11 ,广西,2,7520877325530959146
100877664988,Sⅈꪀᧁꪶꫀ .,,2025-08-07 ,贵州,0,7520877325530959146
1770677707751210,………,用蜂医吃的。,2025-06-29 ,河南,0,7520877325530959146
396301601612206,想想,,2025-06-30 ,四川,0,7520877325530959146
4292940455220312,独狼上校,,2025-07-27 ,河南,0,7520877325530959146
444658109129528,烈阳西峡鸟归时,,2025-07-09 ,吉林,0,7520877325530959146
1346245912176606,9993,"第二位看似是抽象派
实际上是抽风派",2025-07-05 ,陕西,1,7520877325530959146
732716058026489,用户5698478451939,不是，我就直说了，老太他不香吗？,2025-07-14 ,甘肃,3,7520877325530959146
358855840378588,方法反反复复,,2025-06-30 ,广东,0,7520877325530959146
1372671220131112,开朗的网友（司令官）,,2025-07-29 ,江苏,1,7520877325530959146
7489706998511567931,压力,,2025-07-09 ,广东,0,7520877325530959146
3979853967398859,睡美人的幸福，,,2025-07-04 ,山东,0,7520877325530959146
3554048818287950,胡守金,蜂医人间体,2025-07-03 ,吉林,1,7520877325530959146
100877664988,Sⅈꪀᧁꪶꫀ .,,2025-08-07 ,贵州,0,7520877325530959146
3702771670845902,໑ღ᭄简单ღᩚ᭄ৡᩚ,我的小文怎么变成那样？,2025-07-29 ,河北,1,7520877325530959146
4259927947493255,梦想。,,2025-07-29 ,河南,0,7520877325530959146
105279774211,爱就不是你的人,明明是三角洲行动,2025-07-12 ,云南,0,7520877325530959146
358855840378588,方法反反复复,,2025-06-30 ,广东,0,7520877325530959146
3214590724278828,来都来了打个卡,第一反应给我躺着，叫你起来了，骇爪队友快来补枪，我没体力了,2025-07-07 ,四川,0,7520877325530959146
2423795903113485,马桶博士2.0（拟人形态）,我：书上也没说啊,2025-07-06 ,江苏,0,7520877325530959146
488655398384429,没有,,2025-07-10 ,浙江,2,7520877325530959146
65377016297,！！？,风衣三角洲哪来的和平技术,2025-06-30 ,安徽,1,7520877325530959146
3680821168053251,￴￴ ￴￴￴,第二个 aug 是认真的吗,2025-07-12 ,河北,1,7520877325530959146
3702771670845902,໑ღ᭄简单ღᩚ᭄ৡᩚ,我是卫队长官赛伊德，你掉进陷阱了,2025-07-29 ,河北,1,7520877325530959146
782460760361863,民强装饰,,2025-08-03 ,陕西,0,7520877325530959146
704165520611191,Eden-小晨,第2位回归老本行了。,2025-07-11 ,浙江,1,7520877325530959146
923204690647662,黛,羡慕威龙有那么好的老婆。,2025-07-12 ,湖南,0,7520877325530959146
2035908954818750,秀儿,第一位主打擦边,2025-07-02 ,江西,1,7520877325530959146
358855840378588,方法反反复复,,2025-06-30 ,广东,0,7520877325530959146
3578269414729499,叶紫,雷撕：孩子们，我请你吃大肘子。,2025-07-26 ,广东,0,7520877325530959146
433648250917168,蒋校长,AIeks kost,2025-07-01 ,江苏,1,7520877325530959146
50881526553,懒散,风衣那个枪声不是妹控吗？,2025-07-03 ,河北,2,7520877325530959146
2225019970387997,罗艳荣,我终于知道为什么一看到蜂医就会想笑了,2025-10-05 ,云南,1,7520877325530959146
94995221016,成果妈,那个风衣好长啊,2025-07-09 ,江苏,0,7520877325530959146
108788723349,哦尼西娃,我准备了一朵土匪的花，不知道有点像当土匪。,2025-11-15 ,四川,0,7520877325530959146
1450959129031620,古月,得了一种看见蜂医就想笑的病,2025-07-02 ,山东,0,7520877325530959146
100504014127,懵逼的我,第一个过审吗？,2025-06-30 ,河北,1,7520877325530959146
1843232160615006,34075055915,族人们，开饭了,2025-07-07 ,河南,0,7520877325530959146
94995221016,成果妈,风衣是全糖小子,2025-07-10 ,江苏,0,7520877325530959146
3179438843900403,一帆风顺。,第一个男的,2025-07-17 ,江苏,1,7520877325530959146
1878417314430637,雷诺·伊尔,你掉进陷阱了,2025-07-07 ,福建,1,7520877325530959146
730536075335743,老王家帮,教官:喂！那个女的！在干嘛呢？待会受处罚！,2025-07-11 ,山东,0,7520877325530959146
104509789480,张有福气,第一个比较性感感觉。,2025-09-07 ,江苏,0,7520877325530959146
1884982631989423,李白的七星宝剑,谁要这个？,2025-08-06 ,四川,20,7520877325530959146
804450203604605,爱上厕所纳西妲,风衣不是呆呆傻傻爆率高的离谱的鼠鼠吗？,2025-06-29 ,江西,0,7520877325530959146
4151359284976792,😘知足😘,水墨云图,2025-10-04 ,吉林,0,7520877325530959146
1587333240995095,猜忌不断,c圈能有多少人对小柔有好感的啊[惊恐],2023-03-26 ,广西,275,7166121199351745805
2902334783102541,赚赚,,2022-11-15 ,河南,1,7166121199351745805
1020767171521534,一个没有名字的侠士,虚假的COSER 小柔 真实的COSER萨凡纳[捂脸],2022-11-17 ,黑龙江,167,7166121199351745805
98146961329,雨落柃云,小柔的这几个镜头应该不是代表镜头，她的代表作应该是迪士尼公主和爆爆吧,2022-12-06 ,广东,71,7166121199351745805
102903239811,Sunson29,"小柔这个用后期特效来cos, 和前面的用化妆服装cos就不是一个范畴。",2022-11-17 ,美国,263,7166121199351745805
1645294135292151,吴 Jinxi,小柔没黑科技粉丝掉几千万,2025-09-06 ,广东,0,7166121199351745805
4125000147150110,用户2166861383108,温软才是第一COS[呲牙][呲牙],2025-09-14 ,云南,0,7166121199351745805
98148668818,又夏天🇨🇳,cos界  这简直就是天花板级别 我实在太爱了[大笑][大笑][大笑],2023-04-05 ,四川,113,7166121199351745805
2603269384312093,渐渐被你吸引,,2022-11-15 ,辽宁,1,7166121199351745805
355862686214339,项铠,新造美少女,2025-08-18 ,浙江,0,7166121199351745805
103580729103,ネф⃪ イώ ᪣,小柔怎么能是第八呢,2022-11-15 ,北京,26,7166121199351745805
97840214094,哈基米全球总坛大教皇—李.莱特.曼波,崎娜总感觉cos什么都是那张脸，总觉得没那么高的平价,2022-11-16 ,贵州,448,7166121199351745805
997961764710525,开花落花,据悉小柔本人就是异世界穿越者[捂脸]有31个孩子,2022-11-15 ,河南,516,7166121199351745805
96720542845,冰魄,小柔全靠后期 没后期直接寄,2022-11-26 ,江苏,1246,7166121199351745805
93560748625,钱胖胖不吃素,他们是cos，小柔是变身[捂脸],2022-11-15 ,上海,80,7166121199351745805
99025456832,🎐融融,小柔牛逼的是后期好吗,2022-11-15 ,四川,1038,7166121199351745805
59655309630,小样不爱照相儿,小柔确实挺牛[赞],2022-11-15 ,北京,15,7166121199351745805
3790706048250551,撒旦的羽翼,小柔确实厉害，不过齐娜排名有些低了，绾绾也不错呀，怎么没登榜,2022-11-15 ,北京,158,7166121199351745805
101934703633,十三号_星期五🇨🇳🇵🇸🇨🇳,小柔压制全世界cos,2024-04-10 ,上海,1,7166121199351745805
102775874794,蓝墨水 　　　　　　　　　　　　广告✕,可是小柔cos谁都像小柔啊，一眼就能认出是她,2022-12-10 ,浙江,97,7166121199351745805
101416633855,娱乐大怪兽,,2022-11-15 ,山东,3,7166121199351745805
3702772394101566,琪琪琪琪琪,Cos我只服喵小吉质量极高，特效爆炸，华丽又不失自然;可盐可甜，集齐可爱与性感于一身，让你的...彻底失去对其他coser的兴趣[看],2023-09-13 ,安徽,4,7166121199351745805
2458148509583587,柳橙,崎娜就算了吧，cos谁都想蒂法,2022-11-15 ,河南,1,7166121199351745805
74650873283,No one but you,小柔我只承认后期无敌[看],2022-11-24 ,上海,72,7166121199351745805
4199760305324973,风华绝代,小柔就算了吧,2022-12-07 ,浙江,37,7166121199351745805
58816680913,咲夜,崎娜只有《蒂法》是最像的[泣不成声],2024-09-04 ,天津,3,7166121199351745805
95579509133,MagicJohnson001,没关注过，但是这个小柔看了下，我怎么觉得这脸cos的这么不真实的？妆容还是美图p图的？现实这个样子不太科学吧。。,2022-11-15 ,广东,1,7166121199351745805
67246063400,Jackson LEE,这些才叫做cosplay的嘛  这就对了嘛[捂脸][微笑],2022-12-12 ,广东,0,7166121199351745805
62871640158,野猪冲撞y,前面看的都挺认真的 第一个小柔出来我突然语塞[尬笑],2022-12-29 ,江苏,394,7166121199351745805
55737247794,想要光的马Mr,那个小柔感觉p图太过了不真实,2023-04-02 ,湖北,14,7166121199351745805
70100123086,💎宇,[耶],2025-07-01 ,吉林,0,7166121199351745805
2173105262563164,Li,小柔是不是那个摇头晃脑唱歌的女孩？,2022-11-15 ,河南,2,7166121199351745805
59579285601,骑着天使的魔王,不知火舞还原度不高啊,2022-11-15 ,安徽,147,7166121199351745805
53238049764,哈士迪闹闹,甜狐应该有一席之地[看],2025-04-13 ,山东,0,7166121199351745805
87835823067,寻仔（配音版）,卡琳娜不直接碾压小柔[捂脸]我居然才看到这个视频,2023-08-09 ,山东,10,7166121199351745805
74277816422,飞絮如画,这个怎么样兄弟们,2022-11-24 ,河南,1,7166121199351745805
106752405205,Kunman.,卡琳娜[微笑]为什么没有卡琳娜[微笑]她一上场绝对秒杀所有[微笑][流泪],2023-05-07 ,北京,9,7166121199351745805
53040322999,5G小GG,[戳手手],2025-09-24 ,北京,0,7166121199351745805
3109054898256964,胖七奶,为什么没有北方的狼族那个妹妹,2025-09-08 ,四川,0,7166121199351745805
3167065947518504,Christianyu  Dprian貓,卡琳娜呢？,2023-08-04 ,云南,6,7166121199351745805
2418577543805628,中元.,这是什么动漫,2024-02-17 ,四川,0,7166121199351745805
102163856495,嘿嘿,[色],2025-01-10 ,海南,0,7166121199351745805
105173772131,玖璃,我在期待小柔那两个孩子什么时候能够长大[看],2022-12-06 ,广西,1,7166121199351745805
852814930685118,鼠咬天開,我喜欢sweetiefox[泣不成声],2022-11-15 ,山西,3,7166121199351745805
100401945815,聪明蛋,为啥没有狗头[看],2022-11-15 ,江苏,3,7166121199351745805
91723680177,诈癫诈憨,没一个比得上吃糖吐泡泡的女帝[捂脸],2022-11-16 ,广东,121,7166121199351745805
329459982150638,⁺✞ʚ露西亚重度依赖ɞ✟₊,总感觉国外的cos标准和国内的不太一样,2024-08-06 ,四川,1,7166121199351745805
60054429778,💎修己,怎么没有卡琳娜,2023-10-11 ,辽宁,1,7166121199351745805
2563712282010091,九霄,有个COSER大家都认识，轻松进前十，只不过她有其他更耀眼的才华导致大家忽略了她的cos实力，不服来辩。她就是[看]萝莉。,2022-11-16 ,江苏,14,7166121199351745805
506191789688061,净欢,喜欢卡琳娜，乌克兰姐姐,2022-12-31 ,浙江,1,7166121199351745805
99155240427,主打陪伴,,2024-09-06 ,江苏,0,7166121199351745805
92768988765,一个小阳人,小柔排第一真的是毋庸置疑[看],2024-04-09 ,四川,1,7166121199351745805
108750751312,破阵子,小柔就算了，可爱在性感面前不值一提，是吧，诸位魏武后人[看],2022-11-26 ,北京,1,7166121199351745805
1328643809484013,ss.大糖🐾,小柔实至名归,2023-03-27 ,山东,2,7166121199351745805
3342947092014308,卫庄的黄金秋裤,[暗中观察]小柔，有次在日本，忘了哪条路，她到了那条路，整条路堵了[泪奔][泪奔],2023-01-16 ,上海,2,7166121199351745805
585380731820671,老实憨厚的傻狗QAQ,伊芙蕾雅,2022-12-06 ,陕西,1,7166121199351745805
2911933887946420,YOUME,第一个超人装，好性感[舔屏][色],2022-11-15 ,北京,32,7166121199351745805
1858605070948787,布丁🍮🍮🍮🍮🍮🍮🍮🍮,小柔全靠后期 没后期直接寄，而且没有卡琳娜好假[不失礼貌的微笑],2024-04-27 ,四川,1,7166121199351745805
101688809251,Enfant,没记住的话，小柔以前是3000万。,2024-07-15 ,山西,0,7166121199351745805
62120647268,爱自由的蛋🏸,悟空排不上么,2025-09-13 ,辽宁,0,7166121199351745805
79161225193,姿寒,果然小柔了,2022-12-06 ,内蒙古,2,7166121199351745805
69128661059,咚咚咚,哈喽,2025-02-09 ,江苏,0,7166121199351745805
105912428913,Trixk,绾绾她不香么,2022-12-02 ,山东,2,7166121199351745805
97482279639,韩旺,八尺真的厉害 神还原,2022-11-15 ,北京,1,7166121199351745805
62544615029,三界,没有日本路西法我不认可,2022-12-07 ,广西,2,7166121199351745805
94879623568,虾仁集团,不管我事[看]一个都不认识[呲牙],2022-11-17 ,湖北,1,7166121199351745805
81797662282,咪,一个都不认识,2022-11-15 ,广东,1,7166121199351745805
66378333201,驻塞大使板栗,还原的不入榜[呆无辜][呆无辜],2022-12-06 ,江苏,4,7166121199351745805
97021663181,当时只道是寻常,难道不是Elles 和Lana rain他俩最NB么[看],2022-11-16 ,广东,1,7166121199351745805
106795548930,劈你的雷正在路上🐛(王心凌的歌),职业cos之外我觉得那个游戏宣传的女精灵才是yyds,2022-11-17 ,陕西,1,7166121199351745805
94161936512,用户9884747617653,匈牙利那个我觉得cos拳皇里的玛丽应该不错[暗中观察],2022-11-15 ,北京,1,7166121199351745805
53191688074743,芦荟旅游,@八斤汽水: [玫瑰]说了个大实话,2025-01-22 ,上海,0,7166121199351745805
171169398135492,超级加底牛肉肠粉,嗯！最好还是八尺……,2022-11-15 ,广东,1,7166121199351745805
103286093741,行走的喵薄荷,喜欢第八位[色],2022-11-16 ,四川,1,7166121199351745805
4051038898492,似巴拉茜,呃呵呵呵...各人的看法不一样吧只能说,2022-11-15 ,浙江,1,7166121199351745805
109314486399,无雨仑比,[抠鼻]怎么没有大狗头萝莉？,2022-12-20 ,广东,1,7166121199351745805
11798689359,花式渺小,明日香那个真不行，欧洲人cos亚洲人不行，亚洲人cos欧洲人，主要是五官原因,2022-12-26 ,河北,1,7166121199351745805
93891491881,超级无敌螺旋二踢脚,我喜欢狗头萝莉,2022-12-23 ,江苏,1,7166121199351745805
2124712793605933,优蘅。。,卡琳娜呢,2023-10-01 ,江苏,1,7166121199351745805
101201648849,豪,1000万粉丝打败9000万粉丝成为世界第一[捂脸][捂脸][捂脸],2022-11-29 ,河南,2,7166121199351745805
66391993521,不思量，自难忘,这画面异常熟悉啊，就是想不起在哪里看过，有知道的老铁吗,2025-05-16 ,贵州,0,7166121199351745805
106020255285,大官人,第四位，让我心跳都加速了[捂脸],2022-11-15 ,河北,3,7166121199351745805
2814390609383655,养猪的日常,那还得看小日子的，cos教师什么的,2022-11-15 ,湖南,1,7166121199351745805
2409752830424254,齐鲁大帝,多看美女能长寿哦,2022-11-17 ,山东,1,7166121199351745805
2528472389661579,NoiR.,我还是喜欢啊川[流泪],2022-12-01 ,IP未知,1,7166121199351745805
86048445690,潇湘水客,就喜欢暗黑风的，征服起来，满满的征服欲,2022-11-15 ,陕西,2,7166121199351745805
93423367321,明天再说,我觉得还是白莉爱吃巧克力最好看[赞],2022-11-25 ,山东,3,7166121199351745805
70946916750,用户3584623418324,小柔只能搞点小娃子的cos吧,2022-11-16 ,云南,1,7166121199351745805
106231387895,霸王河左岸向西,没有柚子猫我不看[看],2022-12-06 ,内蒙古,2,7166121199351745805
60657978123,就拿这个考验干部？,都不认识无下限吗[看],2022-12-06 ,内蒙古,1,7166121199351745805
75077745351,ℳ๓₯㎕痞喵,小柔YYDS,2023-01-08 ,安徽,1,7166121199351745805
3857507202383757,桃不是淘.,还得是白莉爱吃巧克力,2022-12-23 ,广东,1,7166121199351745805
2453761535258439,念花羡晚苒舟,我的评价是都不如南韩魅魔,2022-11-17 ,江西,1,7166121199351745805
2801193826911335,玉米,小柔确实是天花板了,2022-11-15 ,江苏,1,7166121199351745805
78233187453,寻开心,一千万粉丝打败九千万粉丝的励志排行榜[捂脸],2022-11-26 ,广东,2,7166121199351745805
104179043532,麦克菲斯BG7QZE,第二个cos不知火舞明显就不像,2022-11-16 ,广西,1,7166121199351745805
83766728142,条件反射,美国那个真漂亮,2022-11-17 ,江苏,1,7166121199351745805
102002756731,黑色保护伞,一个都不认识,2022-11-16 ,江苏,1,7166121199351745805
106468554293,说好的呢,[灵机一动]还是魔王好,2022-11-24 ,辽宁,1,7166121199351745805
94903279584,~,都是后期牛逼,2022-12-10 ,河南,1,7166121199351745805
77571100078,不知雪舞,为啥把气场给挡住呀？,2022-11-18 ,山东,1,7166121199351745805
682139767802088,匿铭,最后一个 笑容好恐怖,2022-11-16 ,江苏,1,7166121199351745805
101212362079,汐,我的评价是不如byoru和张娜英[看],2022-11-23 ,江苏,1,7166121199351745805
103808596971,遂願丨,你们不低俗？[看]但是我低俗啊[泪奔],2022-11-17 ,天津,2,7166121199351745805
92540962880,温衡澜,线下抗打才行，美颜还后期，全是高科技[看],2022-12-08 ,广东,1,7166121199351745805
93266011063,万物皆允,这个游戏有盗版的吗？带调教所那种的[看],2022-11-26 ,江苏,1,7166121199351745805
2519721402973299,Remjie,《世界》[尬笑],2022-11-16 ,广东,1,7166121199351745805
193990233697246,30005247698,麦乐迪cos的女超人是真天花板,2024-02-26 ,新疆,2,7166121199351745805
97090746844,霸丶霸,强大的气场都被你打码了[发怒][发怒],2022-11-16 ,江苏,1,7166121199351745805
1517779694657020,🌈AA知名凡导,啊川不行吗[尬笑],2022-12-09 ,山东,1,7166121199351745805
2247829021534798,！腾飞,小柔第一,2023-04-11 ,广东,0,7166121199351745805
74611274161,李有钱,我就说怎么能少小柔,2022-12-28 ,湖南,0,7166121199351745805
93420734783,少帅,生化危机的克莱尔漂亮还有瓦伦丁,2022-11-15 ,黑龙江,3,7166121199351745805
99740313504,我是银狼的狗,小柔绝对的cos天花板没有之一,2022-11-16 ,浙江,0,7166121199351745805
59142683212,琳海,卡琳娜,2023-05-05 ,四川,1,7166121199351745805
59558028374,等什么呢，还不睡？😴,真看cos不能看能上抖音播出的，都有后期掺水[看]真比还原度还得找那些没法在抖音播出的那批人,2022-11-16 ,山东,1,7166121199351745805
111523072202,神林树木,高漂亮高颜值,2022-11-30 ,湖北,1,7166121199351745805
4151363297615108,（蛋黄派）⁵²³,不低俗，你打码[酷拽][酷拽][酷拽][酷拽],2023-01-12 ,山西,1,7166121199351745805
2188449889390139,德意志啤酒馆,人家这个，是沈阳中街的羞耻普雷，完全是天地,2025-03-12 ,辽宁,0,7166121199351745805
655738102619597,用户5057953884647,没有河野华我不是很认可[流泪],2022-11-16 ,河南,1,7166121199351745805
237083988070045,风吹乱了毛毛,我就记得有一次小柔的儿子抱着她的大腿喊妈妈[看],2023-01-29 ,澳大利亚,0,7166121199351745805
3817143408795236,悱恻,小柔[尬笑],2022-12-25 ,四川,0,7166121199351745805
1987518176428359,秋叶X,小柔就算了吧[尬笑],2023-01-23 ,广东,0,7166121199351745805
69432523431,紫川斯特林,小柔是我心目中的绝对第一,2022-12-27 ,河北,0,7166121199351745805
61753243284,舍离火塘藏式民谣酒吧,不说了不说了，我喜欢,2022-12-07 ,广东,2,7166121199351745805
562546629683758,用户2778114358639,居然没一个日本的,2022-12-01 ,河北,1,7166121199351745805
68370461041,我嘞个豆,我两年前刘关注小柔了[看],2022-11-16 ,辽宁,1,7166121199351745805
65048880826,爱凯凯真是太好了,bobo最洋气直接换头，复制粘贴[泣不成声][泣不成声][泣不成声][泣不成声],2022-11-16 ,四川,1,7166121199351745805
50963173858,住到冇雷公咁阮 先生,cos只服泰国小哥[暗中观察][暗中观察][暗中观察],2024-04-03 ,湖北,2,7166121199351745805
3988680773744989,少熬夜多锻炼,为啥把她们的气场都掩盖了？[看],2022-11-25 ,甘肃,1,7166121199351745805
62411185255,用户6555794619059,一想到小柔是个娃的妈，曹贼之魂熊熊燃烧了好吧[看],2023-04-01 ,浙江,0,7166121199351745805
43574585994685,凌云居士,小柔的应该放金克丝的视频，更有国际范儿。[泣不成声],2022-12-10 ,河南,0,7166121199351745805
2471293707360996,老李,小柔，碾压所有cos人物,2023-07-20 ,河南,0,7166121199351745805
102363904308,啾啾小朋友,Misa 也很棒 以前都看她,2022-12-22 ,中国台湾,1,7166121199351745805
65406862130,La La La,你认得吗？,2022-12-07 ,江西,1,7166121199351745805
4165397154905102,梦楠,感觉国外的一点不好看,2023-04-11 ,浙江,5,7166121199351745805
1535374919468083,星海泛舟,不知火舞最好看,2023-03-28 ,福建,1,7166121199351745805
1983990294656020,小猫哈气导致全球变暖,？这个榜单是业余的吧,2023-02-05 ,黑龙江,4,7166121199351745805
62842155060,半糖,还是喜欢俄罗斯的,2023-04-04 ,陕西,1,7166121199351745805
92499156635,揪心,后期毫无意义..,2024-06-10 ,上海,0,7166121199351745805
3034251509645108,小肖说门窗,小柔很赞，我更喜欢白姨[呲牙],2022-11-30 ,四川,0,7166121199351745805
1015586947334830,Mr.Ye,小柔[暗中观察]一言难尽[黑脸],2022-12-02 ,广东,0,7166121199351745805
82158018614,北极攸蓝💞,太美了，论基因的力量[玫瑰],2023-02-20 ,西藏,1,7166121199351745805
87238367497,2〇〇,第三个是不是cos了凯子[看],2022-12-06 ,湖北,0,7166121199351745805
51673253843,小豆馒头　　　　    　　　 　🪳,[暗中观察]这些都只是出现在大众视野里的。还有那种更像的,2022-12-04 ,江苏,1,7166121199351745805
103745619442,侽人,怎么没有人模仿黑山老妖[捂脸][捂脸][捂脸][捂脸][捂脸][捂脸],2023-04-04 ,黑龙江,1,7166121199351745805
108704697997,西瓜,不知火舞差评，哪个火舞穿了抹胸的？,2022-12-02 ,四川,1,7166121199351745805
105618094744,扶老奶奶上西天,够胆cos刑天[看],2023-04-13 ,山东,2,7166121199351745805
91692195531,Tomstr_,嗯？正经为什么亚洲人设计的亚洲角色都被欧洲人抢走了[流泪],2023-06-26 ,山西,1,7166121199351745805
3501309326792296,Fox9828,齐娜的代表作是蒂娜,2024-05-30 ,山东,1,7166121199351745805
82377735360,古希腊掌管大逼兜的神,必须是小柔第一。,2022-11-26 ,河北,0,7166121199351745805
63640561305,阿宅,小柔喜欢不来，个人意见[暗中观察],2022-11-27 ,福建,0,7166121199351745805
76159510994,小歪～,nonono  我家土豆 最好看,2024-04-02 ,青海,0,7166121199351745805
74863292563,等待,狗头萝莉的蒂法,2022-11-26 ,河南,0,7166121199351745805
3196974383241991,可是我太想进步了（,不算完全的野榜,2022-11-26 ,江苏,0,7166121199351745805
71827369730,盘丝大仙、五百年前？,没有cos精灵那个女的呢。国外的,2022-12-25 ,辽宁,0,7166121199351745805
75468622794,麻仓葉丶,还是喜欢魔王的cos[看],2022-11-28 ,湖北,0,7166121199351745805
103831172028,未知生物,这就扯到世界排名了啊[看][看][看],2023-08-30 ,广东,2,7166121199351745805
85879968539,未闻今昔,小吉也很好啊,2022-12-04 ,新疆,1,7166121199351745805
95943158008,且听且忘且随风,狗头萝莉呢,2022-12-06 ,湖北,1,7166121199351745805
109309190534,老谁家小谁,为什么不是现场的cos？,2022-11-25 ,天津,0,7166121199351745805
106058098018,用户18460300860,小柔永远的神[爱心][爱心][爱心],2023-02-05 ,陕西,0,7166121199351745805
61283224310,无证骑士,小柔就算了，什么角色都是一个样,2022-11-25 ,湖北,0,7166121199351745805
888050826096935,梅鑫梅肺,《莎凡娜》精灵永远的神，不接受任何反驳,2022-12-28 ,海南,0,7166121199351745805
60086511721,A0 Lucifer  杨 ℡,小柔那些角色，有几个正常人眼睛的？？？,2023-02-01 ,上海,0,7166121199351745805
93132082122,春的一抹阳光,本来没有赞的，看到小柔不给不行了[看],2022-11-25 ,山东,0,7166121199351745805
1244272121351715,你伤心我做不到,什么暗黑风？我的评价是不如爱葬,2022-12-23 ,河南,1,7166121199351745805
3579608260680540,她是恩赐亦是劫,没有萝莉控我不是很理解,2022-12-05 ,四川,1,7166121199351745805
81162297946,killme22,66662的还原度很高,2022-11-25 ,湖南,0,7166121199351745805
1116734393953895,你吃了吗,中国人当然最喜欢中国人啦！,2022-12-09 ,福建,1,7166121199351745805
3562024125080408,简然,小柔柔柔的,2023-02-21 ,广西,0,7166121199351745805
3971859041747053,无聊太久麻木上头,小柔后期猛,2023-02-24 ,湖南,0,7166121199351745805
103392498400,123456789,小柔那百年不变的妆容[黑脸],2023-04-13 ,安徽,0,7166121199351745805
63908313837,饭等饿了再吃,试图寻找卡琳娜然后失败[泣不成声],2022-11-19 ,北京,1,7166121199351745805
58253396906,姚不可及,火舞我只认兰兰[看],2022-11-25 ,重庆,0,7166121199351745805
104633092096,恶魔(手机拍摄),小柔。可御可萌，cos天花板,2022-11-16 ,IP未知,1,7166121199351745805
92094609443,川Z N多个8,新西兰的阿姨谁找的,2022-12-27 ,广东,0,7166121199351745805
68119387363,🦖一口咬爆地球,小柔的鼻妆每次看着都想打喷嚏,2024-09-27 ,江西,0,7166121199351745805
59960821285,阿智啊,coser我只认喵小吉,2024-03-25 ,贵州,0,7166121199351745805
198375758631812,——序章,水淼,2023-03-13 ,安徽,1,7166121199351745805
104685071122,🌈菜菜呀୧⍤⃝🍗。。,哈哈哈，除了小柔全都不认识啊,2024-03-16 ,广东,0,7166121199351745805
80302625695,珊,小柔是32岁,2023-02-01 ,山东,0,7166121199351745805
66752653951,余老头,有个叫小柔的惊艳你的下巴,2022-11-24 ,重庆,0,7166121199351745805
4371261730334287,凌晨七点半,,2022-11-24 ,山东,0,7166121199351745805
65380821428,Qie.Chen,美歪？？？,2022-11-25 ,广东,0,7166121199351745805
109707830619,✔最无奈是清晨的阳光,你这排行我不是很认可 居然没有水淼 雨波 小仓 等等等等[看],2022-11-24 ,辽宁,0,7166121199351745805
70890930425,Калиси.,卡琳娜去哪了[展开说说],2024-05-07 ,黑龙江,0,7166121199351745805
75444480110,Ustinian',崎娜的蒂法居然没出镜,2022-11-24 ,IP未知,0,7166121199351745805
68554542488,只需等待（十连双金版）,[发呆]第一是不是太离谱了这个美颜,2023-05-09 ,重庆,3,7166121199351745805
4336907005985531,山东新志达不锈钢,小柔的金克丝绝了,2024-03-15 ,山东,0,7166121199351745805
93303536200,凯👀,还是莎凡娜cos的精灵牛逼，满足了我想象中精灵的样子[泣不成声],2022-11-26 ,云南,0,7166121199351745805
99087521229,祭祀,我还以为没有小柔[捂脸],2022-11-22 ,四川,0,7166121199351745805
58657735929,♚Mr.张♛,小柔的梅菲斯吴迪,2024-03-13 ,上海,0,7166121199351745805
102183254163,陈平安（宁瑶丢了）,其实我也挺喜欢团宝的,2022-11-23 ,北京,0,7166121199351745805
69276160536,落日,崎娜cos蒂法才好看，很像蒂法[泪奔],2022-11-24 ,广东,0,7166121199351745805
3812715052934211,𝑺𝒖𝒏𝒏𝒚向阳📷,绮娜就一个蒂法像而已 其他cos都像她自己,2024-10-04 ,广东,0,7166121199351745805
3262956048767261,用户4331134554482,对于第三位我的评价是:不如樱井绿子[看],2022-12-20 ,湖北,1,7166121199351745805
101392257911,独立自强,太美了。[赞][赞][赞],2023-02-17 ,四川,1,7166121199351745805
4075224420059355,珠海大迫杰,第二个像蒂法[捂脸],2024-08-17 ,广东,0,7166121199351745805
7466432602502759483,祢ペ葑のペ,@无敌少侠 这个最好。,2025-02-09 ,河南,1,7462005924438265147
3193427334531075,.@都都@.,@朵朵，可以考虑一下,2025-01-21 ,福建,3,7462005924438265147
3193427334531075,.@都都@.,@霖绝季，   感觉不错，可以考虑一下,2025-01-22 ,福建,0,7462005924438265147
1179097380738360,- 萤🔥赴欣,@海深の藏爱深 @她喜欢李信 感觉都不如牢播[捂脸][捂脸][捂脸],2025-01-21 ,江苏,0,7462005924438265147
1391300090531354,用户4474124737574,爱cos,2025-10-07 ,山东,0,7462005924438265147
1706035864937982,寒冰之心,团宝呢[捂脸][捂脸],2025-01-21 ,广东,0,7462005924438265147
2787982427824212,霜雪冰冷,@聆 [看],2025-01-21 ,河北,2,7462005924438265147
3872942200208541,蔷薇（To限粉版）,[害羞][害羞][害羞],2025-01-20 ,浙江,0,7462005924438265147
3193427334531075,.@都都@.,@天真，  可以考虑一下,2025-01-22 ,福建,2,7462005924438265147
4013660143360574,逸,[发呆],2025-01-21 ,云南,2,7462005924438265147
3887522470957280,六月六,@肉哥三缺一,2023-12-15 ,吉林,1,7297405094297947392
96174215630,只道是寻常,@(小杨同学),2023-11-05 ,云南,0,7297405094297947392
2123849673486404,用户77247117634,,2023-12-24 ,广东,1,7297405094297947392
105006267407,呆胶布,收到了你们送的物料哦～谢谢[泣不成声]你们采访的时候我太社恐了呆呆的，两个哥哥超级帅！,2025-08-05 ,上海,253,7534659002103074098
111551544905,娇人本娇🧃,汪东城[比心][比心][比心],2025-08-04 ,湖北,1829,7534659002103074098
78946758879,LinLin_jiro,我社恐[泣不成声]还是被姐姐拉去拍的，很帅[灵机一动],2025-08-06 ,四川,296,7534659002103074098
93553279674,可爱,妈妈可以cos雷神,2025-08-27 ,湖南,0,7534659002103074098
90610297211251,+7,cos圈也是让叔叔阿姨闯进来了[暗中观察],2025-08-04 ,河南,97,7534659002103074098
71472996471,猪月吖,穿上衣服，正经点[哈欠][哈欠][哈欠],2025-08-05 ,山东,35,7534659002103074098
97686247248,UlTraBLUE_,[送心]很荣幸这次替叔叔阿姨化妆 感觉一家人氛围都特别好,2025-08-05 ,上海,3658,7534659002103074098
84745572430,妮可妮可妮,小时候用过TCL手机就不敢再用了[流泪]那时候爸妈给我买来没多久，它就自动升级了系统，直接变成的板砖，每次用一次都得重启。去手机店修都修不好，后面这样用了两年[流泪],2025-08-05 ,福建,1,7534659002103074098
91727426173,眨眨眼睛萌化他吖,汪东城耶,2025-08-04 ,浙江,1,7534659002103074098
111271822145,逸旭是个烧饼,遇到cos吉克的，爸爸：心脏撒撒给哟,2025-08-04 ,四川,718,7534659002103074098
3544455644984720,🤖,@,2025-09-15 ,湖南,0,7534659002103074098
1961957249789843,莲络颖,居然还能看到希娅[流泪],2025-08-05 ,贵州,32,7534659002103074098
2661275216133131,偷偷拐走三玖（cn三拐，ddcos搭子）,你的父母ooc了[酷拽][酷拽][酷拽][酷拽],2025-08-04 ,贵州,762,7534659002103074098
509789056803438,小慕慕慕......,@,2025-08-23 ,广东,0,7534659002103074098
63825170315,夏日小蚊子,好像,2025-08-05 ,江苏,4,7534659002103074098
68294134375,大小姐不正常🎀,哈哈哈，你们老了出coss肯定和你们爸爸一模一样，毫不相关哈哈哈,2025-08-05 ,四川,38,7534659002103074098
1278050459197619,迷你困,我的妈呀  我不敢想象我带我爸妈去,2025-08-08 ,河北,1,7534659002103074098
3494684085719996,罗晓嘿,整个漫展军哥和阿姨唯一熟悉的可能就是TCL的logo了😆,2025-08-07 ,黑龙江,108,7534659002103074098
2012530537151467,姐就是喜欢野,,2025-08-31 ,云南,0,7534659002103074098
3371569163538035,桉.,兄弟国庆世界线去不去[比心],2025-08-04 ,四川,6,7534659002103074098
57550105929,是杨洋羊了~,好像汪东城在这里[捂脸],2025-12-26 ,广东,0,7534659002103074098
3170632993357629,心坎y,给我妈妈报的网课,2025-08-06 ,安徽,4,7534659002103074098
101620960528,幸运赛🍀,我也是陪女儿从小到大玩COS[尬笑]，现在女儿大学毕业了她利用周末休息还是去玩COS，她的热爱从未停过，我们也支持她！[调皮],2025-08-06 ,江苏,11,7534659002103074098
62705937313,星姚卷儿 .⋆⑅ ♪🖇🤍,哇竟然还有汪东城,2025-08-06 ,山东,1,7534659002103074098
965843272613082,辣白菜🥬（虎粉）,想出COS，但是不知道适合什么，有没有指导一下的[我想静静][我想静静],2025-08-07 ,江西,8,7534659002103074098
60394256270,@木 易•洋 (苗粉),我丫头,2025-08-10 ,广东,2,7534659002103074098
51606969611,言蝶,这个拍照没视频吗？[看][看],2025-08-08 ,广东,1,7534659002103074098
4319301053715244,青儿,穿上衣服，正经点[玫瑰][玫瑰],2025-08-05 ,广东,0,7534659002103074098
93125974457,͈❀,大东哥，cos界的神，酷哦[舔屏],2025-08-04 ,四川,31,7534659002103074098
1203280151577076,小叶子🥬,这样的家长很开放，心态真好 去tcl展厅那边都能如此开心😊,2025-08-08 ,海南,35,7534659002103074098
952616744126484,九儿@,建议下届漫展增设父母体验区,2025-08-08 ,四川,1,7534659002103074098
369877795472461,橙双呈对,瞬间懂了什么叫二次元不分年龄,2025-08-08 ,河南,45,7534659002103074098
2563671868048616,抬头就是阳光,主包多带在咱们看世界 最好抽一台tcl的产品送我嘿嘿,2025-08-08 ,吉林,14,7534659002103074098
3773954924743608,张云娇,55323123532553233123521,2025-08-18 ,湖北,0,7534659002103074098
2520522944155022,游园惊梦so,当阿姨说喜欢韩吉的时候，突然理解TCL这样的国产品牌做年轻化的意义了,2025-08-07 ,四川,7,7534659002103074098
2572506455615995,憨鱼-.-,好喜欢你们，地下党不敢说，怕[流泪]因为他们本来就不理解，也不想了解，只是一昧的说说说，骂骂骂，无论怎样都能吵到怪学习不好，上学没上好这些，所以没法和他们沟通[流泪]只有朋友能理解我的爱好[流泪][流泪][流泪],2025-08-04 ,四川,3,7534659002103074098
1216503715732099,小禾💘,华星屏幕牌面有了,2025-08-08 ,河北,18,7534659002103074098
1846800897805287,˗ˋˏ 𓏣 ˎˊ˗𒉭,能给叔叔阿姨看JOJO吗[捂脸]，我很好奇他们又会是什么反应，会不会棱角分明[捂脸],2025-08-07 ,四川,2,7534659002103074098
8398692944734,成云123,大家早上好[赞][赞][赞],2025-08-08 ,浙江,0,7534659002103074098
71974025446,是小慧慧鸭~,太多人了 我都没看到你们 好可惜,2025-08-04 ,上海,60,7534659002103074098
756054456540403,霉音乐会鼠,啊啊啊啊啊啊啊啊羡慕啊全家出巨人COS啊,2025-08-16 ,广东,1,7534659002103074098
1420203698951740,蓝色港湾,很多父母缺的不是钱，而是像军哥夫妇这样愿意走进孩子世界的尊重，TCL这波格局打开🌟,2025-08-08 ,甘肃,6,7534659002103074098
1880637527559708,软糖小月亮,[送心]很荣幸这次替叔叔阿姨化妆 感觉一家人氛围都特别好,2025-08-08 ,河南,4,7534659002103074098
1260464771184093,善于幻想,我赌五毛，下期视频军哥就要用新买的TCL显示屏开黑了,2025-08-07 ,江苏,41,7534659002103074098
87793864295,loveyou(潴头)^_^,我女儿也很喜欢玩这个,2025-08-07 ,广西,46,7534659002103074098
2629624648445720,属于你的记忆,TCL现在这么与时俱进？,2025-08-08 ,河南,10,7534659002103074098
1876199770174755,妞妞呵护女性私密健康,汪东城[比心][比心][比心],2025-08-05 ,广东,1,7534659002103074098
106016919809,淇淇淇淇淇淇淇.,@☆★ 羡慕了[泣不成声],2025-08-06 ,湖南,1,7534659002103074098
53629487856,Sam.,2:56,2025-09-04 ,山西,0,7534659002103074098
2659080333698734,夜的詩篇✨,还是一如既往的权威,2025-08-05 ,四川,3,7534659002103074098
62827250473,诺 诺,世界线来不来,2025-08-04 ,四川,17,7534659002103074098
893249231529656,Mai重度依赖,来的最早的一次[泣不成声],2025-08-04 ,陕西,12,7534659002103074098
53552585422,K,叔叔和阿姨出的效果居然也这么好[赞],2025-08-06 ,湖北,20,7534659002103074098
60554240485,楠楠林,小生不才 原来阁下与在下竟是同一神情，当真未曾想过，这 TCL 竟有如此广博的涉猎，当真令人讶异不已。,2025-08-08 ,海南,51,7534659002103074098
76217460823,✿朝与暮ଓ,我家娃儿也喜欢，每次我就默默的陪着，陪的腰杆痛,2025-08-04 ,四川,1,7534659002103074098
66903621774,薯片,@badada @阿堃5 @不想打🏓 我也要去 你们带我去一次吧,2025-08-09 ,重庆,1,7534659002103074098
111234431389,=^· ·^=,汪东城好耳熟但想不起来，搜完后也没想起来,2025-09-20 ,广东,0,7534659002103074098
97255828606,酷酷睡吧😴,风扇有链接吗，看上了[呲牙],2025-08-04 ,浙江,5,7534659002103074098
2089536954579277,被嬷的绝望男妈（千粉白枪呆）,@钦缘 @cyclone @风御九秋 @月上 @许樱大少爷 @浮云阁老祖宗 @麻将重度依赖 @悲伤逆流成沙雕 @茵淘丸子 叔叔这个肌肉，我真的不行了[黑脸],2025-08-13 ,江苏,3,7534659002103074098
106049046585,Jerry M,不是，昨晚8点半你俩不是在成都万象城里逛吗？,2025-08-05 ,四川,3,7534659002103074098
945179988592904,wl,[玫瑰],2025-08-18 ,贵州,0,7534659002103074098
787699286416696,今天也要爱我鸭,爸妈能理解coser的爱好，国货老品牌也走进了二次元的世界，真的太暖了🥰,2025-08-07 ,北京,34,7534659002103074098
3971042686536471,于培有,[赞][赞][赞],2025-08-08 ,吉林,0,7534659002103074098
501023581685677,Elenx,军哥集邮时的眼神慈祥得像在选儿媳😂,2025-08-07 ,广东,11,7534659002103074098
1618079502574503,叁不是桑,军哥逗别的女生笑，阿姨不会吃醋吗？,2025-08-07 ,河南,20,7534659002103074098
54723795693,一路向北,军哥看到电竞屏时，眼神比看到美女还亮😆,2025-08-07 ,上海,59,7534659002103074098
354465426444524,用户5544955484367,[送心]很荣幸这次替叔叔阿姨化妆 感觉一家人氛围都特别好,2025-08-07 ,四川,0,7534659002103074098
2528529060219501,双鱼座的黑暗,喜欢但不弄不反感,2025-08-13 ,四川,0,7534659002103074098
2419339389055455,小美小帅我都爱,哇趣 军哥也去了 我错过了[泣不成声],2025-08-05 ,浙江,2,7534659002103074098
97560425751,潘明,这种天气出门就是好热🥵,2025-08-04 ,重庆,0,7534659002103074098
4156611514085438,无聊,@水里的盐鱼（madao版 @重生成为风都侦探 @sai_ @AAA奘铃村言她批发李哥 @柑橘乌云please @ＥＶＯＬ @小鱼 @松末（补药连赞超过三条） 我真的跪着求这样的家长,2025-08-08 ,重庆,2,7534659002103074098
1728896135860348,勤劳的吗喽,神仙父母实锤了，军哥也和tcl一样在与时俱进啊,2025-08-07 ,广东,38,7534659002103074098
2650293789001420,花落未眠,tcl真的好年轻啊  能和我们二次元打到一起,2025-08-08 ,海南,9,7534659002103074098
4231394963230280,放肆一下,叔叔和阿姨也曾是少年啊，只是被柴米油盐藏起来了,2025-08-07 ,福建,6,7534659002103074098
62691375967,Wyatt,老汉儿是彭州的哇,2025-08-16 ,四川,0,7534659002103074098
3035127419518174,我超凶的,军哥的冷笑话是和tcl冰箱学的吗，太冷了🥶,2025-08-07 ,江苏,51,7534659002103074098
1116747903821629,小宝~,@四月赴十七  @Yi.ov🐾 @映柳  @呆  @橘络le.  @唸咩  @月枕枕 勇敢的我已经发给我妈妈了,2025-08-20 ,江苏,1,7534659002103074098
2304998769429839,洋洋得亿,那个海棠粉，和最后那个毯子一样的，我被疯狂安利了,2025-08-05 ,山东,1,7534659002103074098
4193965486904464,黎落,叔叔阿姨逛得比我还起劲😆  在得知全是tcl屏惊诧了！,2025-08-08 ,黑龙江,3,7534659002103074098
76063798220,溪落｛牵过汪东城版｝🙊,你们去了？？？？我也去了[泪奔]看东哥,2025-08-15 ,浙江,1,7534659002103074098
106018568436,木之本✿,之前给我妈看我推，她说不好看，然后神秘兮兮的给我说她喜欢佐助和柯南[噢买尬],2025-08-05 ,河北,3,7534659002103074098
4427052154102996,元素创鑫,问家长为什么陪孩子玩“靠司”，答认知高，且“财富自由”,2025-12-07 ,辽宁,0,7534659002103074098
610941450060908,Darling,,2025-08-05 ,浙江,0,7534659002103074098
76063798220,溪落｛牵过汪东城版｝🙊,原来是你们，我们在外面进不去，你们在里边合照[泪奔],2025-08-15 ,浙江,1,7534659002103074098
2736003208971912,云想衣裳,叔叔看到TCL的介绍惊呆了,2025-08-08 ,河北,8,7534659002103074098
105151482832136,麻薯同学会,军哥咋才知道tcl不止是电视，得跟上时代进步啊,2025-08-07 ,山西,15,7534659002103074098
1128513672324915,去有风的地方,建议TCL直接找军哥代言,2025-08-08 ,河南,1,7534659002103074098
219496854327598,FTS（巨p加油版,@Yoky @帕岛第一个摄影师📷 章鱼 我靠看了一眼比很多萌二好啊[泣不成声],2025-08-06 ,上海,1,7534659002103074098
804469358998604,光溜溜溜溜溜,也～这汪东城的嘛，你哪儿拍的哦[看][看][看],2025-08-04 ,四川,44,7534659002103074098
118371601095000,我没有昵称,好棒的家庭氛围[泣不成声][泣不成声][泣不成声],2025-08-04 ,山西,19,7534659002103074098
96689774952,主打一个是大米爆,[微笑],2025-08-10 ,重庆,0,7534659002103074098
101101353877,袁大帅（家装版）,TCL居然有电竞？,2025-08-15 ,四川,0,7534659002103074098
3215427393819656,野雀re.,爸爸妈妈也看动漫呀[送心],2025-08-08 ,黑龙江,2,7534659002103074098
101686994114,下雨季,一家子e人跟你们拼了[躺平],2025-08-05 ,重庆,9,7534659002103074098
2872367088675024,终嘉语,碇源堂的眼镜👓[色][色],2025-08-05 ,浙江,1,7534659002103074098
102175478249,@Z小妹,好喜欢你们这样的父母,2025-08-10 ,四川,1,7534659002103074098
4081801597823160,糖醋排骨,谁懂名字缩写就是TCL小学被人说我是电视机[尬笑][尬笑][尬笑][尬笑],2025-08-06 ,四川,0,7534659002103074098
2177451121970483,kibou,@冬瓜大盗 @梦话gold @鹤辞 @研 这个主播[黑脸][黑脸][黑脸][黑脸][黑脸][黑脸][黑脸][黑脸]居然是...,2025-08-06 ,四川,3,7534659002103074098
4354541352394771,修勾不会错,TCL也算打入二次元内部了，就喜欢这样的品牌😉,2025-08-07 ,河南,36,7534659002103074098
4405092687290409,落书,军哥看显示屏的眼神，仿佛在说 这就是我失散多年的童年梦想,2025-08-08 ,四川,2,7534659002103074098
7535125788234269754,薰子,,2025-10-29 ,贵州,0,7534659002103074098
4385268873044212,兔子爱种花,TCL 显示器厉害，军哥的眼神看起来都拉丝了😄,2025-08-07 ,广西,5,7534659002103074098
1447420886792076,胖达达咩,军哥看到TCL 显示器都走不动道了，快给他安排一台吧,2025-08-07 ,浙江,21,7534659002103074098
102982731039,YIHUAN（锦鲤版）,@小弈 好好玩,2025-08-08 ,河南,2,7534659002103074098
1371811977112951,爱你一生到老,真好，爸妈一起陪孩子玩Cosplay，这是最幸福的一家[比心],2025-08-24 ,浙江,0,7534659002103074098
103688288929,大王,[赞][赞][赞][赞][赞][赞][赞][赞][赞][赞],2025-08-08 ,四川,0,7534659002103074098
62501233134,나비,是我的龟吗[看],2025-08-04 ,四川,1,7534659002103074098
70900066710,Apo’s Mile Stone,军哥你的冷笑话我真笑了,2025-08-04 ,云南,4,7534659002103074098
3280537178346604,老龙,[比心][比心][比心][比心][比心][比心][比心][比心][比心][比心],2025-08-08 ,河南,0,7534659002103074098
110434145737,甲基橙CC,没人觉得军哥有点像特朗普嘛？（无恶意，求放过[大笑]）,2025-08-04 ,四川,2,7534659002103074098
105722738023,きっと結末は幸せだ,好几年没刷到这个主播了，怎么突然转行了[石化][石化],2025-08-08 ,广东,0,7534659002103074098
2132698911739123,88517,看到汪东城,2025-08-05 ,安徽,3,7534659002103074098
389642715667707,小猫鑫,阿姨出韩吉一股欧美感,2025-08-04 ,陕西,5,7534659002103074098
4205001697927341,美丽风景,[赞][赞][赞][赞][赞][赞],2025-08-07 ,湖南,0,7534659002103074098
60489165202,巴巴佳佳,爸爸一说话有股割裂感哈哈哈哈,2025-08-11 ,四川,0,7534659002103074098
898751778522377,My bad,感觉爸妈这个年龄的适合cosHP里的教授,2025-08-07 ,河南,1,7534659002103074098
562548329163661,猴头菇小馅饼,显示屏就是我们了解世界的窗口，tcl真的很懂年轻人,2025-08-07 ,四川,33,7534659002103074098
1538970741119000,魔鬼天使鱼,我儿子都不带我去[流泪],2025-08-06 ,广西,1,7534659002103074098
1733248690694494,hhww,主包可以cos，cpo酷奇吗,2025-08-05 ,广东,0,7534659002103074098
593363417959854,蚝吴疗哦湘位友系,你爸COS的太帅了[看]。,2025-08-04 ,四川,4,7534659002103074098
60493477137,喜安🌸,@玲子✨ 等汪东城[泪奔],2025-08-04 ,四川,2,7534659002103074098
66532444123,C U,爸爸帅的啊！！！,2025-08-04 ,陕西,2,7534659002103074098
523812583775703,白晓红,[赞][赞][赞],2025-08-08 ,云南,0,7534659002103074098
624119319630863,从你的世界路过,"叔叔cos完挺酷啊,显得tcl更有跨代际的代入感了",2025-08-08 ,四川,1,7534659002103074098
1736883867225085,夜白衣,请教下作者，假发要在哪里量身订制？小白真不懂[感谢],2025-08-30 ,广东,0,7534659002103074098
1436427564890698,该用户不想上学,感觉利威尔是最帅的。,2025-08-04 ,安徽,2,7534659002103074098
352278227717101,Sꫀꪀડitiꪜꫀ,汪东城？暗黑卡卡西吗[看],2025-08-05 ,浙江,16,7534659002103074098
3806958360986787,万岭花开,看到军哥研究TCL显示屏的样子，像极了老爸第一次用智能手机😂,2025-08-08 ,河南,1,7534659002103074098
98778582613,随便你.,@Dozy7 看到他们没,2025-08-05 ,浙江,0,7534659002103074098
2819597831776702,𝓚𝓮𝓐𝓪𝓲,[呲牙][呲牙][呲牙],2025-08-06 ,湖南,0,7534659002103074098
3639857051870859,八岛不是岛.,心脏撒撒给油！！！,2025-08-04 ,湖南,1,7534659002103074098
1141752363756858,玉华正能量888,[赞][赞][赞][赞][赞][赞][赞][赞][赞][赞][赞][赞][赞][赞][赞],2025-08-08 ,山东,0,7534659002103074098
54647375586,Kitty,居然和佛爷是一场！怎么才发,2025-08-04 ,贵州,0,7534659002103074098
1743157256531178,loyce,给军哥看强风吹拂，正好学跑步[微笑],2025-08-11 ,江苏,1,7534659002103074098
84334784830,所以向日葵的花语是…ww,军哥本来普通话就撇，川普笑死我了,2025-08-04 ,四川,0,7534659002103074098
51681193114,Cybill,四川话，[捂脸],2025-12-21 ,江西,0,7534659002103074098
62723332618,Wisteria,的   z,2025-08-08 ,四川,0,7534659002103074098
1464196139327300,红,点赞[赞][赞][赞],2025-08-06 ,北京,0,7534659002103074098
1143139660217284,黄玲？,[赞][赞][赞],2025-08-08 ,湖南,0,7534659002103074098
63325280652,北方小土豆.,啥,2025-08-04 ,河南,0,7534659002103074098
107855454664,纯纯,[赞][赞][赞][赞][赞][赞][赞],2025-08-08 ,辽宁,0,7534659002103074098
1015553163538440,100%激情,[赞][赞][赞][赞][赞][赞][赞][赞][赞],2025-08-08 ,广西,0,7534659002103074098
60832207424,用户603221,[赞][赞][赞][赞][赞],2025-08-08 ,江苏,0,7534659002103074098
2528529060219501,双鱼座的黑暗,有个不扫兴的爸妈真好,2025-08-13 ,四川,0,7534659002103074098
2920765028041517,程改改,这对吗[看],2025-08-04 ,四川,0,7534659002103074098
1222280395883175,泡泡龙166,[捂脸][捂脸][捂脸][捂脸],2025-08-08 ,河北,0,7534659002103074098
100064692734,ovoplus（已卸载版）,奇迹暖暖第二期呢 [流泪],2025-08-04 ,四川,1,7534659002103074098
3350901606582984,果子扣💕,妈妈好美！爸爸有趣！超有爱的family [耶],2025-08-04 ,湖南,5,7534659002103074098
99745848668,阿珂,很多父母缺的不是钱，而是像军哥夫妇这样愿意走进孩子世界的尊重，TCL这波格局打开🌟,2025-08-07 ,云南,4,7534659002103074098
95612914148,一念止兮,好轻松好快乐的氛围啊,2025-08-04 ,重庆,2,7534659002103074098
2553535055532131,祝你晚安好梦,羡慕家长能进入孩子的世界[流泪],2025-08-04 ,湖南,1,7534659002103074098
219544933377995,事后一根烟,[看][看][看],2025-08-06 ,广东,0,7534659002103074098
3027400086786508,王白石,[赞][赞],2025-08-06 ,重庆,0,7534659002103074098
1261851948886748,wangshuhua,[赞][赞][赞][赞][赞][赞],2025-08-08 ,辽宁,0,7534659002103074098
7519829775621784634,不想上班,[敢怒不敢言],2025-08-04 ,广东,0,7534659002103074098
427072270109758,🤑🤑🤑,爸爸还是很年轻啊,2025-08-04 ,四川,0,7534659002103074098
2685450638598810,有枝,军哥这趟发现新大陆了，tcl电竞屏还不赶紧给安排上？🤭,2025-08-07 ,江苏,3,7534659002103074098
945183394107054,The end_🍍,好像来的太早了。,2025-08-04 ,广东,1,7534659002103074098
2304173907645904,游.,ber，我ip也没问题啊，是哪里出问题了[宕机],2025-08-05 ,四川,0,7534659002103074098
575759883968292,love,前排,2025-08-04 ,河北,0,7534659002103074098
1535360115161416,露水情缘,@情绪 @知雪悦 @野牛冲锋66 @Y 出的艾伦好帅，一家人出的都好帅[黑脸],2025-08-21 ,四川,0,7534659002103074098
77654826156,已注销,可以出无一郎和有一郎嘛！！！！！,2025-08-19 ,日本,1,7534659002103074098
107291008851,我就是我,[赞][赞][赞][赞][赞],2025-08-08 ,四川,0,7534659002103074098
111245549078,小琪儿,军哥他们三像用的一张脸😁,2025-08-04 ,四川,1,7534659002103074098
1261851948886748,wangshuhua,[赞][赞][赞][赞],2025-08-08 ,辽宁,0,7534659002103074098
3899304362127402,巴扎嘿呀,tcl这种老品牌和父母一辈都在陪年轻人成长啊，雷姆了,2025-08-07 ,江西,3,7534659002103074098
29051679418560,宝石项链,上海?等一下,2025-08-10 ,浙江,0,7534659002103074098
810781583611177,海阔凭鱼跃,666,2025-08-08 ,山东,0,7534659002103074098
3813569707910855,断忆,@林喆 woc,2025-08-08 ,河北,0,7534659002103074098
2286615898891479,Leave,第一千[比心],2025-08-04 ,福建,0,7534659002103074098
860268240844563,饿饿(破100粉),[憨笑],2025-08-08 ,浙江,0,7534659002103074098
3179436014046173,用户4092151927154,@[赞][赞][赞][赞],2025-08-08 ,黑龙江,0,7534659002103074098
3553229129909543,幸福姐妹,[赞][赞][赞][666][666],2025-08-06 ,山东,0,7534659002103074098
610979744580525,老马,[灵机一动],2025-08-05 ,辽宁,0,7534659002103074098
3639825411881072,用户3808412249485,一家人都是动漫社,2025-08-04 ,青海,0,7534659002103074098
1044964186796724,橙黄橘绿时,返老还童了哦，好喜欢这样的品牌活动,2025-08-08 ,浙江,0,7534659002103074098
110238968412,王者荣耀-小邢同学,下期想看什么？,2022-08-19 ,山东,106,7132833680900263209
111495836585,NO,西施还得游龙清杰呀,2022-09-22 ,河北,6,7132833680900263209
58025179332,Lassie,钟无辣第一，不允反驳[泪奔][泪奔][泪奔][泪奔]还有辣辣cos的凯爹[看],2022-09-01 ,湖北,1,7132833680900263209
96657468336,mr.yuan,云缨 和辣辣 可以的,2022-09-02 ,北京,2,7132833680900263209
58741616562,从小就贪玩儿,没有《游龙清杰》《貂老三》差评,2022-08-20 ,上海,2,7132833680900263209
61957232684,难人嘤儿,西施不是游龙清杰差评[看],2022-09-05 ,吉林,4,7132833680900263209
111634480370,兜兜૮・ᴥ - ა 有米,最喜欢云缨，其他……,2022-09-14 ,山东,38,7132833680900263209
74542141768,一杯冰广式,不知火舞的精髓不应该是原皮吗[看],2022-09-14 ,广东,4,7132833680900263209
75831276786,永日🏀,看到小晦君马上不看,2022-08-20 ,广东,4,7132833680900263209
73672881668,一条咸鱼,阿珂是辣辣辣辣辣辣辣辣辣[泪奔],2022-08-18 ,河北,1,7132833680900263209
98454028844,为剑,小慧君的伽罗更好看,2022-10-10 ,河北,1,7132833680900263209
47981270669771,归不归,我的评价是：西施没有游龙清杰好看,2022-09-11 ,河北,2,7132833680900263209
83910490335,别来无恙,辣辣第一，阿柯第二，云樱第三,2022-08-23 ,吉林,1,7132833680900263209
90145907111,南辞,把我的游龙清杰放哪了？[看]？？,2022-09-11 ,IP未知,2,7132833680900263209
4384495230261139,💞'Li.,钟无艳是辣辣吧,2022-09-23 ,广东,2,7132833680900263209
1798446161858700,余梦似海,,2025-03-21 ,河北,0,7132833680900263209
76814075699,@-C,你可能对不知火舞有点误解,2022-09-27 ,广东,1,7132833680900263209
105831724407,来给生活比个✌😄✌,火舞的带不是透明的,2022-08-26 ,北京,1,7132833680900263209
3566433539994948,卫生用品设备供应商,第一个看了就退了,2022-09-27 ,福建,2,7132833680900263209
3795159742423678,有缘再见,@,2025-03-09 ,广东,0,7132833680900263209
100291724481,嗜血℡恋,还是辣辣最好看,2022-08-19 ,福建,1,7132833680900263209
73550356655,拍照的小火龙,伽罗还得是抽抽,2022-09-23 ,广东,5,7132833680900263209
2119464900630416,N,啊离还得是橘子,2025-02-03 ,浙江,0,7132833680900263209
97494924312,茜(王者战队),不行，没有张老三cos貂蝉,2022-09-14 ,福建,1,7132833680900263209
3724752248124136,玉泽,,2025-03-28 ,湖北,0,7132833680900263209
104038681306,半盏孤茶丶,除了云樱和钟无辣其他的都跟火辣一点也不沾边[看][看],2022-08-19 ,北京,1,7132833680900263209
91567838680,云缨巧克力,看到第一个就没刷下去的欲望了,2022-09-14 ,贵州,1,7132833680900263209
4190967589259788,Ivan Chan,有第一个差评,2022-08-23 ,广东,4,7132833680900263209
106791284323,独看风景,虽然都还可以，但是请不要侮辱我的不知火舞好吗？,2022-08-19 ,江苏,3,7132833680900263209
78693835815,风再大,这是老赖君的广告视频吧 有两个是老赖君,2022-09-05 ,浙江,1,7132833680900263209
518588056733838,二一添作五,小柔永远不会让你失望,2022-09-03 ,陕西,1,7132833680900263209
3817147360361492,以沫.,没有游龙清杰差评[泣不成声],2022-08-20 ,广东,1,7132833680900263209
62915751323,過客,这不老赖君吗[看],2022-09-01 ,北京,1,7132833680900263209
82258255395,灏潇丶造型 ღ东旭,最后一个为什么是大乔 ，不是阿离的皮肤吗,2022-09-27 ,山东,4,7132833680900263209
193987300828224,场伤三千桃,别急我在等24年的[尬笑],2024-04-06 ,河南,9,7132833680900263209
95933727672,想想,蜜橘之夏是公孙离不是大乔呢[尬笑],2022-09-05 ,黑龙江,1,7132833680900263209
78657536949,樱桃小姐姐呀🍒,啊离的腿无敌啊[泣不成声],2022-09-14 ,广东,2,7132833680900263209
62123108208,懒回顾,小心心完全是给云缨的[比心],2022-08-19 ,北京,1,7132833680900263209
98732384620,缘来如此,大乔不穿鞋子的，穿鞋子没那灵魂了[捂脸][捂脸],2022-09-05 ,江苏,1,7132833680900263209
93702745429,小路Y(^_^)Y,我怀疑UP主对火辣有点误解，除了阿轲基本都很火辣不怎么沾边[看],2022-09-10 ,安徽,1,7132833680900263209
95022866199,国宝,小柔天花板[比心],2022-08-23 ,河南,1,7132833680900263209
61173253603,🌈🧸💌,最后一个是阿离好吧,2022-09-13 ,广东,1,7132833680900263209
76932428927,紫色很有韵味,cos不是穿一样的衣服就可以的[泪奔],2022-09-02 ,广东,6,7132833680900263209
3888348090082871,阿東,不说了大家，我去练英雄了[看]，推这么多我一个一个来[泣不成声],2022-09-11 ,辽宁,1,7132833680900263209
430613939361069,NI,怎么没有老三cos的貂蝉？[流泪],2022-09-14 ,四川,1,7132833680900263209
84591725349,🌈稳妥淼,cos火舞的是不是有点不自量力,2022-09-04 ,北京,1,7132833680900263209
3985050722117440,小美同學🍭,我就喜欢云婴,2022-09-14 ,陕西,57,7132833680900263209
4481230247561758,妍,[玫瑰][玫瑰][玫瑰],2024-11-03 ,湖南,0,7132833680900263209
2453706826847181,zhbchn_ueie💫,最喜欢火舞和云缨[色][色]好有灵气,2022-10-01 ,上海,1,7132833680900263209
59260634328,郑在通话,不知火的灵魂呢！,2022-08-21 ,江苏,2,7132833680900263209
1887228239028751,秋枫,还是更喜欢钟无辣。,2022-09-14 ,广东,1,7132833680900263209
95583766257,墨晓野,第一个是反面教材么,2022-08-28 ,安徽,1,7132833680900263209
1865248828555612,你我当初。,只有我一个人喜欢不知火舞吗[看],2022-09-02 ,河南,1,7132833680900263209
59715973485,猪坚强,第十一个 不是阿离么 咋成大桥了,2022-09-04 ,山东,1,7132833680900263209
82987233709,☆镜子☆,王者荣耀最火辣眼COS[泪奔],2022-08-22 ,广东,1,7132833680900263209
98442350062,用户2007839514261,不知火舞不是谁都能扮的得要有“实力”,2022-09-23 ,广东,1,7132833680900263209
4041555447,雾满了风景。,西施和云缨都好好看,2022-09-11 ,山西,1,7132833680900263209
102556605312,小乖ᰔᐝ,第一个怎么显得格格不入[暗中观察],2022-10-06 ,重庆,6,7132833680900263209
3724752248124136,玉泽,@@,2025-03-28 ,湖北,1,7132833680900263209
71929338303,用户8824614434791,云樱的烽火燎原呢[泣不成声],2022-08-23 ,河北,1,7132833680900263209
100066972656,流年,不如游龙清杰,2022-09-05 ,甘肃,1,7132833680900263209
68657503970,抽烟只抽炫赫门,辣辣是本色出演[捂脸],2022-09-27 ,江苏,2,7132833680900263209
101085429109,壹個流浪汉,我要看虞姬跳大那一刻,2022-09-05 ,四川,1,7132833680900263209
88523704031,有一声喵是爱我的,色差那么大、肩颈也可以涂一下,2022-09-13 ,福建,1,7132833680900263209
97093157022,林～,第一个是火舞？？？？,2022-08-19 ,福建,1,7132833680900263209
588945123454999,🚬ృ༊爷᭄就是ɞ这ོ个范࿐,雅典娜最喜欢，其次火舞！,2022-09-11 ,广东,1,7132833680900263209
2179700935886364,44286193816,好喜欢，爱了爱了,2025-03-22 ,河南,0,7132833680900263209
96782774896,大新🍁 ⃢👁 ܫ 👁⃢,阿离挺有钱啊，还用苹果呢,2022-09-11 ,黑龙江,1,7132833680900263209
99400373398,杭州商铺—冯成,还是云英最像[鼓掌][鼓掌],2022-09-11 ,浙江,2,7132833680900263209
72265034464,多喝热水,云樱第一，也只有云樱第一。矬子里拔大个的话，王昭君在三条街后勉强排第二,2022-09-27 ,内蒙古,5,7132833680900263209
60597775716,赞赞小🐟,小慧君我真的会谢[尬笑][尬笑][尬笑],2022-09-14 ,云南,3,7132833680900263209
1283841435896011,金乌,不知火舞只cos上半身吗[大笑],2022-09-14 ,北京,2,7132833680900263209
3051897606116215,一☞世,看了第一个我就给了差评,2022-08-20 ,山东,1,7132833680900263209
92528371293,Ponyo,还有人看老赖君？！,2022-09-05 ,湖北,1,7132833680900263209
100744404147223,有啥吃啥,我喜欢绿皮的程咬金 咋办,2022-09-02 ,北京,1,7132833680900263209
96906194216,AFENG.🐝,没有吕德华的吕布差评,2022-09-11 ,广东,1,7132833680900263209
67485165150,别催了别催了,不能cos一下不带皮肤的程咬金吗？,2022-09-27 ,北京,4,7132833680900263209
76188008024,泽积而长,小柔除外，我认为最像的事阿轲。,2022-09-24 ,辽宁,1,7132833680900263209
98894053715,钟意璃,还得是老三啊！[灵机一动],2022-09-03 ,广东,1,7132833680900263209
100362440950,黎珞,云樱那个好看,2022-09-22 ,四川,1,7132833680900263209
73111639197,小可,没有杨相佑的安琪拉差评[抠鼻][抠鼻][抠鼻],2022-09-14 ,北京,1,7132833680900263209
93188628668,過眼雲煙,不知火舞和貂蝉没有精髓[捂脸][捂脸][捂脸][捂脸][捂脸][捂脸],2022-08-19 ,山东,3,7132833680900263209
96392491040,盘宝,雅典娜不错,2022-09-14 ,广东,1,7132833680900263209
66229839495,🌈含情,火舞的精髓没出来！,2022-09-05 ,贵州,1,7132833680900263209
64253479509,万事顺意,气质上没有一个符合的。,2022-09-22 ,江西,1,7132833680900263209
62224154839,Fc,云樱这个有点牛,2022-09-28 ,安徽,5,7132833680900263209
51943099074,一介俗人℡,钟无艳还得是辣辣呀，其他的没感觉[捂脸][捂脸][捂脸],2022-09-27 ,云南,3,7132833680900263209
95810878077,🥀𝒜ঐ遇❦见ℋ໑ຼₒ₂⁵ღ,好喜欢云樱！！,2022-09-14 ,广西,3,7132833680900263209
100364117137,杨杨不羊,钟无辣太瘦了,2022-09-14 ,云南,4,7132833680900263209
989192247051027,失约海ོ,还行……,2022-09-27 ,广东,1,7132833680900263209
94093007369,顾星野,小慧君别了吧[尬笑],2022-09-05 ,江西,1,7132833680900263209
100868456847,不成文,辣辣对着镜头果然八十不起来,2022-08-20 ,福建,1,7132833680900263209
96009177988,雲過天空你過心,谁能驾驭第一版的火舞,2022-08-19 ,浙江,6,7132833680900263209
78482672568,小伙子,喜欢阿通的那个cos,2022-09-03 ,北京,2,7132833680900263209
2120290971680983,唯爱,没有马超，关羽差评[看],2022-08-18 ,湖北,1,7132833680900263209
59458175250,碌碌吴为,没有一个能抓住“重”点,2022-08-18 ,海南,1,7132833680900263209
104655470241,子寿,下期想看程咬金烈焰红唇,2022-10-28 ,上海,1,7132833680900263209
92385111525,🚾战神,那是大乔吗？明明啊阿离皮肤,2022-09-28 ,江苏,5,7132833680900263209
61621006426,🐡,最喜欢貂蝉,2022-09-14 ,广东,2,7132833680900263209
487783325238547,小柚咲,小慧君就算了🤮🤮🤮,2024-12-20 ,天津,1,7132833680900263209
69607899731,财神爷的小猫咪,为什么会有小慧君？,2022-09-28 ,广东,5,7132833680900263209
105477826416,鬼钱（三角洲行动）,前两天玩李信。[流泪]遇到个喜欢玩阿离的迷妹。喵了个咪的，一整局都在跟我贴贴什么玩意儿的。,2022-09-11 ,山西,1,7132833680900263209
87790656239,🌈搁浅,云缨是谁cos的  求@出来,2022-09-14 ,上海,1,7132833680900263209
179972297203437,化骨龙,还是80好看,2022-08-19 ,四川,1,7132833680900263209
97220068965,大橘🔝大利,第一个你确定不知火舞？,2022-09-12 ,陕西,1,7132833680900263209
81233985282,情风,大乔的蜜橘之夏[看][看][看],2022-09-27 ,云南,1,7132833680900263209
104944738216,弱水三千，我只取一瓢,钟无艳好看,2022-09-11 ,浙江,1,7132833680900263209
95267448550,桃花鱼爪爪,还有呆妹露娜[捂脸],2022-09-05 ,海南,1,7132833680900263209
2110650117263416,MOril,最后一个阿离：我原来叫大乔,2022-09-27 ,广东,5,7132833680900263209
4018066001495866,大汉乱贼,第六个最好看[赞][赞],2025-03-29 ,四川,2,7132833680900263209
103476896825,睡神乖,云英，不知火舞好看，还有呢个貂蝉[泣不成声],2022-09-14 ,新疆,2,7132833680900263209
4204172967948863,抬头阳光依旧温暖♀,我只想看原皮火舞,2022-09-22 ,陕西,2,7132833680900263209
66238454017,花海,云缨绝了 真的还原,2022-09-10 ,陕西,1,7132833680900263209
1676088778165655,爱玩牛蛙,还是貂蝉好看[泣不成声][泣不成声],2022-09-02 ,江西,1,7132833680900263209
91950121393,一蹬大师,钟无辣是本辣,2022-08-21 ,江苏,2,7132833680900263209
84170688348,🌈福禄的葫芦,80最好看，不接受反驳,2022-08-21 ,江西,3,7132833680900263209
99271850982,ᐝ。十一,貂蝉绝绝子,2022-09-14 ,贵州,1,7132833680900263209
110811387386,祥仔靓靓,看到玉玉症就直接划走了,2022-09-02 ,四川,1,7132833680900263209
50774377820,断掌小叔,没有一个达到我的预期,2022-08-20 ,广东,1,7132833680900263209
1618925670634638,玉书,云婴怎么和动漫的一样,2022-09-23 ,广东,1,7132833680900263209
223921111045896,栀南🧸,貂蝉转世[泣不成声],2022-09-02 ,浙江,2,7132833680900263209
4120614216935228,咩啊咩呀,不知火舞我只看七哥[泪奔][泪奔],2022-09-02 ,广东,1,7132833680900263209
20649684851,爱新觉罗.土豆,别侮辱我伽罗[捂脸],2022-09-11 ,江苏,1,7132833680900263209
60504581519,波萝吹雪,是我的审美不行吗？没一个能让我眼前一亮的,2022-09-11 ,福建,1,7132833680900263209
88780863171,348396484,倪虹洁COS不知火舞绝对[赞],2022-09-02 ,广东,1,7132833680900263209
111606918402,ღ木鸢᭄ꦿ࿐,第一个应该叫不知好歹,2022-08-20 ,浙江,1,7132833680900263209
1557347628498467,安安-,钟无辣。给我放第一。,2022-09-14 ,江苏,1,7132833680900263209
342679450554904,淩,不如永劫无间[暗中观察],2022-09-27 ,新加坡,1,7132833680900263209
105003842555,🍃康🎗仔🍃,小慧君就算了吧[捂脸][捂脸],2022-09-27 ,马来西亚,1,7132833680900263209
2678039745137508,缘.先生,阿狸西施王昭君貂蝉原因都是超好看的[比心][比心],2022-11-27 ,广东,1,7132833680900263209
71862778762,鉴茶院院士,不知水舞,2022-09-11 ,北京,1,7132833680900263209
60328587107,宋温暖'`🌞,想看鲁班[抠鼻],2022-09-03 ,河北,1,7132833680900263209
86478117951,｜三秋叶,只喜欢云樱[看],2022-09-12 ,江苏,2,7132833680900263209
96608369501,南票三叔,西施最好看的，然后伽罗，钟无艳,2022-09-05 ,广东,1,7132833680900263209
698920443324955,Fghj,不知火舞，一点都不像。,2022-09-02 ,广西,1,7132833680900263209
87613200474,清词,爱死阿珂了，太好看了。,2022-09-09 ,陕西,1,7132833680900263209
769251101391251,🌈丸子🍡,云樱爱了,2022-09-14 ,江西,3,7132833680900263209
2783581663934216,🌈让我中一次🌈,最爱云缨了[赞][赞],2022-09-22 ,浙江,2,7132833680900263209
67004147070,加贝先生,钟无辣，喜欢,2022-09-11 ,山西,1,7132833680900263209
91709899426,◡̈♥︎ฅʕ•̫͡•ʔฅ❀一个团团324,最后一个难道不是阿狸吗？,2022-09-14 ,新疆,1,7132833680900263209
2173051614805551,恶魂,第1个，呵呵,2024-04-30 ,安徽,2,7132833680900263209
580180594408365,兔子爱吃肉,只认识辣辣[赞][赞],2022-09-12 ,内蒙古,1,7132833680900263209
96674198256,☀️珑小七,钟无辣本人啊[捂脸],2022-09-01 ,湖北,1,7132833680900263209
106545663109,小志,第一个不就是火舞吗？,2022-09-04 ,北京,1,7132833680900263209
2594448017461288,你家的猫出门散步被我捡了,不知好歹呢[呲牙][呲牙][呲牙],2022-09-04 ,广西,1,7132833680900263209
1851232105269892,泥土的味道,怎么没有阿陈的貂蝉,2022-09-05 ,湖南,1,7132833680900263209
62534379391,🤫,云缨和伽罗绝了[赞],2022-09-14 ,湖北,1,7132833680900263209
85776996081,40°微醺 💋,云缨绝绝子[赞][赞][赞][赞][赞][赞][赞],2022-09-14 ,广东,3,7132833680900263209
2683222260198531,桃七酿,西施COS只看桑杰[看][看],2022-09-27 ,安徽,1,7132833680900263209
104659083795,微光📸,云樱本樱啊,2022-11-15 ,江西,1,7132833680900263209
102571272825,吵闹的叛徒,还是辣辣好看[偷笑],2022-08-18 ,广西,197,7132833680900263209
1099111042394173,Hubba-Bubba,火盆火盆,2022-08-26 ,上海,1,7132833680900263209
78773209330,扎克斯,从还原度上讲， 我觉得还是云樱最像，其他都差点意思,2022-09-10 ,四川,1,7132833680900263209
102477970016,墨纸余笙,果然小慧君的必不可少，我喜欢,2024-01-31 ,广东,1,7132833680900263209
86119094235,九岁抬头,不应该是gemini的吕布吗,2022-09-05 ,德国,1,7132833680900263209
84706036130,爆炒折耳根、,西施和云嘤经验了,2022-09-13 ,福建,1,7132833680900263209
65331968946,用户1846228136525,貂蝉跟阿轲[泪奔][泪奔],2022-09-10 ,陕西,1,7132833680900263209
795701763641460,啊巖,没水老师的紫霞吗[看][看],2022-09-03 ,广西,1,7132833680900263209
91716218901,🌈⛵️🐷🐷,为什么没有四字博主咬咬,2022-09-09 ,广东,1,7132833680900263209
97403598857,单身丶贵^ω^族,辣辣有小肚子[捂脸][捂脸][捂脸][捂脸],2022-09-28 ,江苏,1,7132833680900263209
66522848937,同门·肥佬东,小慧君的婉儿，大叔的不知火舞[泪奔],2022-08-19 ,广东,1,7132833680900263209
2185462692722315,君莫笑༥,觉得辣辣好看，朴实无华[泪奔][泪奔][泪奔][泪奔],2022-08-19 ,陕西,18,7132833680900263209
55930478715,Sⅈꪀᧁꪶꫀ,能入眼的也就六九了,2022-08-23 ,上海,2,7132833680900263209
104948370052,酋长,想看太乙真人[捂脸],2022-09-11 ,广东,1,7132833680900263209
83280285129,💋.玛露莎👋～,第一个真不行,2022-09-27 ,江苏,1,7132833680900263209
69772254647,那是什么玩意,小柔牛逼！其他的除了衣服cos什么了,2022-09-14 ,上海,1,7132833680900263209
93165507400,大宝明天见,就想看看苏烈抗横梁,2022-09-11 ,福建,2,7132833680900263209
97278238941,大虾,把阿珂踢出去[发呆],2025-05-23 ,河南,1,7132833680900263209
96482705862,等一个。,喜欢辣辣,2022-09-15 ,重庆,1,7132833680900263209
2326198747405723,猫,没有小满不看了[微笑],2024-05-20 ,海南,2,7132833680900263209
2730828524432078,平安健康八方来财好运连连,你没事吧？第一个什么鬼,2022-09-14 ,广东,1,7132833680900263209
2269839934097183,相信光吗,第一个神马玩意[泣不成声],2022-09-11 ,新疆,1,7132833680900263209
67356983753,你超级可爱的爸爸,下次麻烦更程咬金原皮,2022-08-23 ,四川,1,7132833680900263209
93142407567,心安,不知火舞必须cos原皮，红色那套,2022-09-11 ,浙江,1,7132833680900263209
71587026957,迟小饭饭🎀,貂蝉最美,2022-09-14 ,上海,1,7132833680900263209
73148533460,花吃了那草莓，,八十好好看，[泣不成声],2022-09-14 ,四川,1,7132833680900263209
72155338936,海德里希,老赖君就不要放了,2022-09-12 ,湖北,1,7132833680900263209
4019403445512312,没有奶油的泡芙,[比心][比心][比心],2024-11-15 ,江苏,2,7132833680900263209
96743465947,是小蒋不是老蒋👈,喜欢云婴，钟无艳太瘦了，[泪奔],2022-09-14 ,贵州,3,7132833680900263209
97107726765,欧非皇酋,"请叫我，不知好歹
我带闪现的",2022-09-14 ,广东,1,7132833680900263209
1446590427962532,🍉小叶麒麟美都,没有游龙清杰？,2022-09-03 ,江苏,1,7132833680900263209
101614915746,ㅤㅤㅤ,辣辣才是永远的神,2022-09-09 ,福建,1,7132833680900263209
94165563908,诗晓峰,火舞为啥不是原皮,2022-09-27 ,河北,2,7132833680900263209
2084278518681239,俩千金,火舞的灵魂没有了,2022-08-21 ,内蒙古,1,7132833680900263209
86726160020,、、、滅,阿离是最爱[泪奔],2022-08-18 ,江苏,1,7132833680900263209
77344479540,丿对你灬不弃,王昭君就没见过哪个cos像的，没人能驾驭那个蓝发和帽子,2022-09-27 ,安徽,1,7132833680900263209
99513776331,命运,果然公孙离不弄皮肤最好看,2024-06-10 ,安徽,1,7132833680900263209
96340742250,KK,不敢想象Angelababycos金婆娘有多像,2024-02-16 ,江苏,1,7132833680900263209
82453885135,@梨木,没我这好看,2022-08-23 ,广东,1,7132833680900263209
84109603654,我 们🍎,火舞就没精髓,2022-09-13 ,四川,1,7132833680900263209
99865229799,不换820不改名,这么多老赖君？,2022-09-04 ,湖南,2,7132833680900263209
75442824316,@小胖子,还是不知火舞好看,2022-09-22 ,江苏,1,7132833680900263209
98948993942,ㅤ︂︌︌︌ ㅤ︂︌︌︌︌︌︌,优雅的桑杰怎么说[暗中观察],2022-09-10 ,云南,1,7132833680900263209
98891767017,银色黎明,钟无艳确实惊艳了,2022-08-26 ,河南,1,7132833680900263209
4015072431842093,秋野,阿离:原来我叫大乔[看],2022-09-10 ,河北,1,7132833680900263209
3900720363340541,纸七七,阿珂看的奇怪[看],2022-09-02 ,广东,1,7132833680900263209
2485351757133197,MoonKnight,伽罗还得看抽抽,2022-09-27 ,江西,1,7132833680900263209
93191468618,起名废,一看火辣我还以为有扁鹊呢[看],2022-09-13 ,陕西,1,7132833680900263209
2410593895056244,用户6728312558251,西施最好看,2022-09-27 ,湖北,2,7132833680900263209
3210220813952653,🍒,西施还得看游龙清杰啊[舔屏][舔屏][舔屏][舔屏][舔屏][舔屏][舔屏][舔屏][舔屏][舔屏],2022-09-15 ,青海,1,7132833680900263209
102007236103,玄幽,[赞][赞][赞],2024-12-07 ,广东,0,7445238175729028410
4246739028293476,叶,[666][666][666],2024-12-07 ,广东,0,7445238175729028410
72321438503,ζั͡ޓއއއ韶年,有猫罐的话那就只能是单选题了[害羞],2025-05-19 ,陕西,0,7506102007493872955
98038855377,为天地立心,能不能找点我没关注的[看],2025-05-20 ,江苏,0,7506102007493872955
100497373237,斯到普,离死盖远一点[看],2024-04-11 ,广东,0,7355731505454353683
106179431436,诶嘿,[看],2024-04-09 ,辽宁,136,7355731505454353683
101331607668,你瞅啥？,死盖也是能行了，都跟Aliga老师合作了[看]，希望Aliga老师能接住这波流量吧,2024-04-09 ,北京,41,7355731505454353683
55113728101,🌈Jyrred,[嘿哈],2024-04-09 ,广东,18,7355731505454353683
2977934903096287,北潇,好想知道不会带美瞳会怎么样[玫瑰],2024-04-09 ,辽宁,11,7355731505454353683
86568866101,十二天,[看]带着我的咖喱老婆来看看,2024-04-12 ,贵州,3,7355731505454353683
536164384904972,～(￣▽￣～)~,死盖诶,2024-04-09 ,贵州,0,7355731505454353683
2867999172201069,ccheng,忘不掉[宕机],2024-04-10 ,广东,3,7355731505454353683
78632945363,武侍,死盖诶,2024-04-09 ,海南,0,7355731505454353683
4336113792066606,MiKu,,2024-04-09 ,浙江,0,7355731505454353683
97147431489,長島冰茶,为什么要把吧去掉[九转大肠][九转大肠][九转大肠],2024-04-09 ,内蒙古,2,7355731505454353683
1758841150124207,创可贴,和死盖组一个cp吧,2024-04-09 ,甘肃,0,7355731505454353683
58553111142,当下～净源,这个不是说实话吗[笑哭],2024-04-12 ,辽宁,0,7355731505454353683
62508974211,派派彭,哇，流萤，哇，死盖[舔屏],2024-04-19 ,天津,2,7355731505454353683
620557006808910,待天晴,死盖？不是敏敏吗[九转大肠],2024-04-09 ,湖北,7,7355731505454353683
3953497135130184,折桂载酒念旧时,我嘞个豆，d2去的，怎么没看到咖喱[流泪],2024-04-09 ,广东,3,7355731505454353683
93489217282,格雷拉特,等等，御姐儿童频道？,2024-04-09 ,浙江,1,7355731505454353683
98767397723,KinYa,,2024-04-09 ,北京,2,7355731505454353683
1992794108332215,罪啊,咖喱老师也是风韵犹存啊,2024-04-09 ,北京,1,7355731505454353683
50641164719,🌈丶微笑,咖喱咖喱咖喱咖喱咖喱咖喱[舔屏],2024-04-09 ,湖南,0,7355731505454353683
2748423583569495,滴嘟滴嘟,死盖哎[看],2024-04-09 ,江苏,9,7355731505454353683
111324400526,蓝缔（已减80斤）,不错御姐频道,2024-04-09 ,山东,0,7355731505454353683
4155778342854925,之一,少司命呢,2024-04-25 ,河北,0,7355731505454353683
100735427891,朕在给众卿上报的奏折批红后猝死转世重生,少儿频道[思考],2024-04-09 ,重庆,0,7355731505454353683
73618011982,烂尾诗,霸霸们求个五月假期漫展to签代[流泪],2024-04-09 ,黑龙江,0,7355731505454353683
761306538853422,用户1706459065638,御姐频道[尬笑][尬笑][尬笑][尬笑][尬笑][尬笑][尬笑][尬笑][尬笑][尬笑][尬笑][尬笑][尬笑][尬笑][尬笑][尬笑][尬笑][尬笑][尬笑][尬笑][尬笑][尬笑][尬笑][尬笑][尬笑][尬笑][尬笑][尬笑]汗流浃背,2024-04-13 ,福建,0,7355731505454353683
102631726413,愛丶戀丶櫻,[捂脸]被改造去漫展 针不错呀 我也想试试[看],2024-04-09 ,北京,0,7355731505454353683
61329039564,Humdrum,我也想要女生早上5点敲我房门啊[看][看]（我妈除外）,2024-04-09 ,山东,0,7355731505454353683
1539741569531464,宇池,咖喱啥时候还来北京？,2024-04-09 ,北京,0,7355731505454353683
430607254687790,东方月初,她说她是御姐[看],2024-04-23 ,辽宁,0,7355731505454353683
1132926229021107,驯龙天师,素材来源：@是吱吱子耶  [爱心],2024-08-31 ,四川,0,7409250256472378635
1402580667736760,忆柒,焰灵姬[泣不成声][泣不成声],2023-07-16 ,浙江,276,7256370415713439017
87607007085,Miss Z,吓了一跳[捂脸][捂脸],2023-07-16 ,河北,2,7256370415713439017
2031551064842701,爪过青春,古德猫腻,2025-10-29 ,山西,0,7256370415713439017
4022372669884,王小主,熊祁cos的是谁啊？求[流泪],2024-08-30 ,陕西,6,7256370415713439017
3070297085328435,用户3182441344651,@小f @困困小猫ଲ @谁都别叫我起床 @🌈黑魔仙,2024-12-29 ,江苏,0,7256370415713439017
26866817172647,暴富暴瘦暴有钱,我喜欢小柔,2023-12-03 ,河南,2,7256370415713439017
58856643180,家沐同学,言生和小柔，小柔也绝对是可爱系的代表没有之一,2024-07-05 ,河北,4,7256370415713439017
97026299166,天青色等艳遇,,2024-08-11 ,四川,2,7256370415713439017
2060962309356963,oioi,没有机智张差评,2024-06-01 ,福建,1,7256370415713439017
760484358267070,猛撕哑巴烂嘴,色是一把刮骨刀，没事，我们中国女人天生骨头硬[舔屏][舔屏][舔屏],2024-07-08 ,四川,15,7256370415713439017
959239472031500,来自拉文克劳的稻米,玉老师呢？,2023-08-08 ,山东,11,7256370415713439017
87453204680,果冻加麦片,怎么可以漏了小梦，小小白呢[流泪][流泪][流泪][流泪],2023-12-27 ,广东,0,7256370415713439017
100756136670077,木白没有喵,Emmmmm 我果然已经老了，晓得的coser 没几个了哇～,2023-07-16 ,吉林,67,7256370415713439017
483420938176814,璨灿今天暴富了,所以说电视剧他们搞不好服道化就是他们有问题。,2023-08-08 ,湖北,93,7256370415713439017
2546079435088947,朵朵妈,"卡琳娜
承风破浪2025",2025-05-31 ,辽宁,0,7256370415713439017
60449612965,喜喜呀~,我还是喜欢阿川[听歌],2024-04-10 ,贵州,2,7256370415713439017
61014975762,用户已注销,每个都好绝,2024-07-02 ,湖南,0,7256370415713439017
99921320789,安小白丶💚💙🐒,我感觉有好几位coser，cos的都是逆水寒林泽清瑶的那套服装耶,2023-12-31 ,北京,39,7256370415713439017
104965429516,雨芷春山,熊祁呜呜呜[流泪],2024-08-11 ,湖南,2,7256370415713439017
4051026924812056,柚羽DOUP,炎月[泣不成声]她cos的叶罗丽超牛[舔屏],2023-12-23 ,福建,4,7256370415713439017
3949044165258587,时余,你想娶[看],2024-11-15 ,江苏,0,7256370415713439017
87607007085,Miss Z,建议瑶和云中君情皮照这个标准做[流泪][流泪],2023-07-16 ,河北,18,7256370415713439017
55377324773,任任任无忧,,2023-07-17 ,山西,0,7256370415713439017
66247287984,Vikki,最后一个你想娶回家，你脑袋下面全是胆吗[抠鼻],2024-05-10 ,辽宁,6,7256370415713439017
62900284765,微笑没有伤,小柔的脸就是从漫画里出来的一样,2024-02-09 ,福建,1,7256370415713439017
2422979805584525,过去。现在！未来？,有言生,2023-12-16 ,贵州,1,7256370415713439017
2805595369651304,霈颖(见过玉老师两次版),为什么不把玉玉放在最前面？@爱拍照的玉老师,2025-05-04 ,云南,0,7256370415713439017
67173603104,昕竹,哇，最后一个真的“太美啦”。[微笑][微笑][微笑],2024-05-28 ,广东,1,7256370415713439017
990005632703864,用户2496566869591,搬回家,2024-08-05 ,广东,1,7256370415713439017
81841816638,雪玥,逆水寒的衣服当然是官方出的当然有钱又又颜,2024-07-04 ,广东,1,7256370415713439017
2623881865868904,零渡,这个好像是逆水寒手游里面的那个[思考][思考][思考],2024-04-13 ,甘肃,1,7256370415713439017
2113691067351804,青衣谣,我请你喝了最好的酒，你也穿的像个剑客,2024-07-27 ,河南,1,7256370415713439017
3980687173233933,有貓餅8-),最后一位想娶回家的那个 最后一位是那个什么女武则天（男生cos）[捂脸],2023-12-27 ,山东,4,7256370415713439017
109720997208,西尔(*╹▽╹*),音姐和妖哥他俩也很绝,2024-08-16 ,河南,1,7256370415713439017
339123686345326,芋头,顶级cos,2024-03-03 ,河南,0,7256370415713439017
3988648865565928,是清呐,一般,2023-10-03 ,江西,0,7256370415713439017
110315305840,你,这世界多我一个美女怎么了,2024-01-03 ,广东,0,7256370415713439017
95888587261,丷挥挥衣袖丷,,2023-07-21 ,四川,0,7256370415713439017
2685466477860236,洋总的妹妹just tell★,[赞][赞][赞],2024-04-15 ,四川,0,7256370415713439017
105323625607,是心情啊♡,@宝贝甜腻酱 救命，cos圈吃的太好了吧[泣不成声],2024-02-29 ,湖南,0,7256370415713439017
2397361043419496,哈哈之名,,2024-11-09 ,四川,0,7434531842079984907
86339735831,方舟,第六位，兰陵王来喽,2024-11-08 ,江苏,0,7434531842079984907
2985870311307592,狗也很可爱,有门吗,2024-05-13 ,辽宁,1,7368313635032157477
2788778694683308,老外枫了,我太爱看老外reaction啦[比心],2022-07-19 ,北京,4562,7122039245035801871
4371257103233659,看见我请叫我滚去画画,论cos，人家态度很认真，比那些发型都懒得还原的人强太多了。本来cosplay第一重点就是还原,2022-07-25 ,广东,15546,7122039245035801871
244572497654811,。_。,等一等26年的[憨笑],2025-06-22 ,中国香港,1,7122039245035801871
76451073650,桫椤,小柔的阿姐才是最好！,2026-01-01 ,广西,0,7122039245035801871
3434513124043764,画画的罗,小柔,2025-11-27 ,贵州,0,7122039245035801871
1020762297493903,只为ᶜˣᵏ着迷^,求超越,2025-10-03 ,湖南,3,7122039245035801871
704133401152904,奈雨,是小柔吗？,2025-09-27 ,广西,0,7122039245035801871
2676650646175997,我叫名字吉祥如意,,2024-10-01 ,山东,4,7122039245035801871
2392131340863672,欣愉,[一头乱麻],2023-12-03 ,河南,0,7122039245035801871
67923687061,正宗什锦菜,,2023-11-29 ,广西,1,7122039245035801871
91578355481,🌈菜鸟,谁能想到小柔有一个31岁的孩子了[看],2022-07-19 ,四川,160,7122039245035801871
3562047339510413,煜聪,小柔最大的缺点可能就是嫁人了，但也是有点，毕竟还是很多人喜欢,2023-03-11 ,湖南,14,7122039245035801871
3202241777114432,青菜🥬,其实我是2026年的[憨笑],2025-09-06 ,河南,0,7122039245035801871
1605700159279261,珊瑚,原来宫本武藏天下无双已经是三年前了,2025-11-16 ,广西,7,7122039245035801871
104542902207,小猫病,每次看说互联网没记忆，你们有记忆倒是说一说啊[流泪],2022-07-19 ,山东,5911,7122039245035801871
94662522327,最终幻想,,2023-07-29 ,河南,2,7122039245035801871
1081521702442047,真我风采,这个从眼睛容易分辨，真人的眼珠子没有那么大，还乱飞[捂脸][捂脸][捂脸][捂脸],2025-10-28 ,广东,0,7122039245035801871
70201202009,🌈时间都去哪儿了,这种一帧一帧修的cos跟动画有什么区别？,2025-07-31 ,江苏,3,7122039245035801871
2761626148152755,👾👾,桥的麻袋，我咋记得拍COS照本来就是靠化妆P图还原的啊[暗中观察][暗中观察],2022-07-22 ,湖南,2042,7122039245035801871
63662783243,朱楼扇里桃花梦,告诉她们，她们三个年龄差不多[看],2022-10-15 ,山东,986,7122039245035801871
104542902207,小猫病,小柔有什么你们知道的不好的过去我是不知道，但是看喷cos不还原高p或者妆面万年一样的，眼睛真的没有问题吗,2022-07-19 ,山东,18,7122039245035801871
95881774338,七优邱,关键是她已经三十多岁还有个女儿,2022-07-19 ,安徽,1379,7122039245035801871
79292537306,花泽类,她老公一下子娶了多少动漫角色哎………,2022-07-19 ,河南,80,7122039245035801871
85298251118,稍微有点饿,俩老外漏出了姨母笑[害羞],2022-07-19 ,甘肃,232,7122039245035801871
104576830872,🎀熙儿🎀,甚至比原版更可爱[可怜],2022-07-19 ,广东,11169,7122039245035801871
65388179261,子曰,我知道很多人黑小柔的现实生活人品，不过我只看cos美貌有时候评论夸一下雀氏好看都有人骂我三观不正只看脸[流泪]我到是想知道我干啥三观不正的事情了,2022-09-02 ,湖南,31,7122039245035801871
3025455412940280,椿樱聆祎.,也就是. .  ..2025[抱抱你],2025-11-22 ,福建,0,7122039245035801871
93507510717,天黑了,哥们25年12月13日[舔屏][舔屏][舔屏],2025-12-13 ,山东,0,7122039245035801871
4088458841425881,何好好,这是2022年拍的666，现在已经2025年了。,2025-11-30 ,浙江,0,7122039245035801871
93078329158,用户7261858760192,这拼的是后期 她在漫展的样子还有人不知道嘛,2022-07-19 ,天津,2412,7122039245035801871
97698364392,月无心,小柔COS确实是天花板[灵机一动][呲牙],2022-07-23 ,新疆,5,7122039245035801871
96898110436,大连游泳教练,他们要知道小柔是30+的母亲会怎么样[捂脸],2022-07-19 ,辽宁,5,7122039245035801871
93341518984,後來3530,这是播放的小柔吧！听说她是一个45岁孩子的妈,2022-07-27 ,山西,8,7122039245035801871
2766804626976236,酷二狗单排的神,,2024-11-16 ,云南,0,7122039245035801871
22093980899,別找藉口,2026年1月1號,2025-12-01 ,河南,0,7122039245035801871
1406999125562987,🪐🌌୧⍤⃝ 🐳ᥫ᭡网抑云,[摸头]cos界的祖师奶[呲牙][柴犬]我要了,2025-06-25 ,陕西,1,7122039245035801871
2373169703822772,小喵爪🍧,[追剧],2025-12-11 ,山东,0,7122039245035801871
4136800690645656,coser郁离,宫本武藏! 天下无双!,2025-07-26 ,内蒙古,0,7122039245035801871
3905925813633527,嗯对,里面的英雄联盟好看,2025-08-13 ,辽宁,0,7122039245035801871
111531084617,空白了,动漫和3D的感觉,2025-12-11 ,浙江,0,7122039245035801871
100403645179,楊玖肆,小柔30多了，还有两个孩子。[泪奔][泪奔],2023-09-02 ,河北,3,7122039245035801871
945215954237220,分享欲.,小柔的缺点可能是已婚[看],2022-07-29 ,福建,4,7122039245035801871
92889672523,也♪,模仿金克丝那个，能不能艾特一下兄弟们,2022-12-13 ,新疆,9,7122039245035801871
68624449228,杨梅和杨桃,[捂脸],2025-06-26 ,浙江,0,7122039245035801871
2469947356742729,坠落欣河,看都能看出来[黑脸],2025-10-12 ,广东,0,7122039245035801871
85341373021,Sunshine sunny,那只变色龙叫帕斯卡[发呆],2025-07-22 ,浙江,0,7122039245035801871
285496428209655,安小白,确实是天花板[敬礼],2025-10-04 ,吉林,0,7122039245035801871
111189734494,winnicked,来了,2025-06-19 ,四川,0,7122039245035801871
74177127612,草莓味蛋糕🍰小捷德,@,2025-09-08 ,福建,0,7122039245035801871
91746301956,三两生,毕竟是cos届的天花板人物[看],2022-07-19 ,重庆,818,7122039245035801871
2471312564438078,用户8627785571393,第一个我感觉是第二个是真人,2022-11-05 ,IP未知,11,7122039245035801871
3671982906551390,远征灬四爷,有没有告诉她们这已经是一个四岁孩子的妈了?好想看听到这个消息的反应[看][看][看],2022-07-20 ,辽宁,1,7122039245035801871
3870700619172276,张哩带劲✌︎˶╹ꇴ╹˶✌︎,我在等2026年的人,2025-11-30 ,河北,5,7122039245035801871
65605964398,饭饭之交,逐帧ps,2022-07-19 ,天津,219,7122039245035801871
2918548978808698,错时雨沥瑞雪,1,2025-10-12 ,黑龙江,0,7122039245035801871
63414397285,时透无一郎,@小柔SeeU 是她,2025-07-08 ,湖北,1,7122039245035801871
3811375206642714,春天小夜曲,@,2025-05-29 ,山东,0,7122039245035801871
91645629794,千人千面@,我见过的cosplay，感觉就小柔特别传神。要是翻拍动画真人版，个人感觉毫无违和感[捂脸],2025-02-15 ,福建,39,7122039245035801871
70694489798,苦瓜不甜,,2025-04-30 ,湖南,0,7122039245035801871
97001669883,用户1115396383,嘘，别吵，我在等2024年的人[猪头],2024-11-09 ,浙江,1003,7122039245035801871
3413346563657555,为什么不续火花！ಥ_ಥ,这不是COS的像，而是现在视频的滤镜特效好[捂脸],2022-07-22 ,浙江,4,7122039245035801871
89854775706,胡顺利,@piu piu piu @没带就是没写 @世之瑰怪,2025-01-08 ,天津,0,7122039245035801871
110801687011,用户6469394187839,特效占90,2022-07-22 ,广东,4,7122039245035801871
76489431317,残生寡伴,事实证明真人动漫可以改到还原度到八成左右，只是选角色到服化道上不想投资。[捂脸],2023-11-01 ,甘肃,26,7122039245035801871
1055138415914718,情敌_,@小柔SeeU [送心],2025-02-13 ,广西,0,7122039245035801871
110772618795,用户9163056715254,后期姐[尬笑],2022-07-20 ,江西,3,7122039245035801871
105580147163,Contain,不是化妆术进步了而是3D技术进步了,2023-11-12 ,云南,13,7122039245035801871
435003311528043,火鸡女王（减肥版）,第一个角色是谁呀？好漂亮,2022-10-11 ,湖北,6,7122039245035801871
76896372908,星辰leo,她的cos真的很细 也很努力 别的方面 无所谓了 她老公可以接受就好了 咱们没什么资格去说,2022-07-22 ,辽宁,5,7122039245035801871
1578544354043432,脱脱%Qian,第五个我差点认不出来哪一个是真人,2022-08-15 ,广东,2,7122039245035801871
70679664249,🐟🐟?,哥们好看是好看，但是分不清哪个是真人除非我是瞎子,2022-07-20 ,黑龙江,3,7122039245035801871
96332410530,lan♡,cosplay不等于psplay[流泪],2022-07-22 ,四川,2,7122039245035801871
3114232151551709,杨杨啊！,关键他是一位31岁的妈妈,2022-10-17 ,河北,29,7122039245035801871
67923687061,正宗什锦菜,我只能说她后期P图牛批，玩COS的人都知道这一点，不过不得不𠄘认人家的底子不错，我的列表也有像她差不多的，如果她们也有后期团队，相信也能跟她不分上下,2023-03-10 ,广西,4,7122039245035801871
3219785184467656,啧啧~,P的好[捂脸],2022-10-01 ,云南,5,7122039245035801871
65540179432,悲しいのは私だけ,别吵我在等2025年的人,2025-01-04 ,贵州,1391,7122039245035801871
1121107440582317,谷子,小柔真的是我所见过的COS天花板，顶流[赞],2023-04-26 ,天津,2,7122039245035801871
110915872108,随机名称,别吵我在等2026年的人[看],2025-01-29 ,辽宁,6,7122039245035801871
65765525189,⁺✞ʚ秦彻重度依赖ɞ✟₊(爱你老己版),她本人眼睛也挺大的[流泪],2022-07-26 ,山东,4,7122039245035801871
3958675058478583,阿兰朵,小柔 真是cos界 天花板级别的  不接受任何反驳,2024-07-16 ,辽宁,74,7122039245035801871
101676807198,🌈free丶,黑料啥的先不说，就cos这方面来说，不管服装，化妆，动作表情，后期制作，不敢说最强，也真的都属于巅峰级别了。。,2022-08-20 ,辽宁,46,7122039245035801871
60105210940,橘子罐头。。,小柔的业务能力是真抗打。。。就是历史也是真的黑,2022-08-20 ,湖南,8,7122039245035801871
70597652330,魚饼饼おいしい🍥,抛去个人问题，小柔的cos真的很敬业,2022-07-22 ,广东,8,7122039245035801871
756078283068830,大白白白,中国不止化妆术厉害，特效滤镜也很厉害[捂脸],2022-10-01 ,重庆,6,7122039245035801871
99087521229,祭祀,小柔真的是天花板。。第一个我分了好久[捂脸][捂脸],2022-09-28 ,四川,6,7122039245035801871
4243735796262884,我是只胖纸,[机智]我猜老外不知道，小柔都三十多岁了,2022-07-19 ,黑龙江,3,7122039245035801871
67922049146,情绪价值本价值,眼光不错，我也喜欢精灵旅社那个,2022-07-19 ,山东,7,7122039245035801871
102459201112,后羿为什么不射工作日？,右边的老外:行吧，敷衍你们一下，一副大惊小怪的样子。[看],2022-10-15 ,河北,9,7122039245035801871
2656870541563287,鼠医,"阿通：“武藏   生日快  乐”
阿通：“宫本武藏，天下无双”
宫本武藏：“阿通""",2024-10-16 ,山东,4,7122039245035801871
1389421036841056,青蛙王子,流量密码：“老外爱中国”“老外看中国人震惊”“老外装傻”,2023-09-11 ,山东,14,7122039245035801871
4089836248760622,优鸭永不过时,为毛我只看到了两个老外,2022-08-10 ,广东,2,7122039245035801871
1596080933050088,网恋奔现萝莉的我发现她是富婆御姐伤心欲绝,嘘🤫别吵我等个2028的[看],2024-12-05 ,安徽,0,7122039245035801871
3680815590675197,哈库呐玛塔塔,这是后期制作对比,2022-08-20 ,宁夏,4,7122039245035801871
4433645591608263,奥利奥大呲花,小柔是无敌的,2022-09-04 ,广东,5,7122039245035801871
81165124327,_樊小牛_,不得不说，论cos，小柔真的是最用心那个！,2022-08-20 ,广东,11,7122039245035801871
157942506860136,史蒂夫,金克丝才是最惊艳我的第一眼真没分清楚[泪奔],2024-12-09 ,四川,19,7122039245035801871
60266968534,旺仔宝贝鸭,[泣不成声]我真的好喜欢小柔的二次元，别的我不管，我只管看她的cos,2022-08-13 ,广西,12,7122039245035801871
67962565971,长不大的江蓠,很多黑她的，至于是不是真的，不得而知，那是别人的私事，但cos来说，小柔的还原度是真的高，服装，仿妆，造型，表情，都很到位。,2022-07-20 ,江苏,4,7122039245035801871
68797102288,我是heihu！,我们未能击穿她的ps装甲,2022-07-21 ,浙江,6,7122039245035801871
101680526983,温莎&公爵,小柔是我最喜欢的coser,2024-06-15 ,湖北,2,7122039245035801871
72965044711,Y 等 2.1万人,眼睛瞪的像铜铃[送心],2023-02-23 ,河南,0,7122039245035801871
97481558797,sky,肯定做了特效吧,2022-07-19 ,安徽,1,7122039245035801871
1059575280442862,Fsc,第一次刷到，我想问下，这个cos是纯自己上妆，还是加了科技。cos的挺好的，我只是想问下,2023-05-27 ,天津,0,7122039245035801871
110826697306,风吹火烛,特效用的不错，新一代的空间系大魔导师,2022-07-19 ,上海,1,7122039245035801871
95487752759,一个普通的英雄联盟玩家,精灵旅社那个就连导演也惊叹,2022-07-25 ,福建,3,7122039245035801871
2428168769385696,Brown布朗尼,入坑小柔是因为爆爆那个视频,2022-07-19 ,辽宁,2,7122039245035801871
101815718225,傣厨（大理古城店）,应该还加了动漫效果,2022-09-30 ,云南,3,7122039245035801871
2656870541563287,鼠医,刀子啊[微笑]阿通：“宫本武藏，天下无双”,2024-10-16 ,山东,1,7122039245035801871
752494917976495,百灵鸟（反雪月阁）,我甚至觉得小柔比动画片里的好看,2024-05-01 ,山西,3,7122039245035801871
84133090004,_小手冰凉。,王者老玩家都很少知道小柔是老版天鹅舞皮肤的原画。她自己还cos过[看],2022-07-20 ,天津,2,7122039245035801871
95576096349,特ᴾⁱᵁ🎀,三大妖术美颜，整容，化妆，果然牛逼,2022-08-11 ,福建,2,7122039245035801871
149178970283271,futera_,解答：旧版小乔天鹅之梦是小柔画的 但是抄袭了 所以换掉了[流泪],2022-07-30 ,河北,1,7122039245035801871
180785269194224,用户5531561885752,小柔已经红遍全球了,2022-08-22 ,福建,5,7122039245035801871
66128073882,山野闲人,对于某些来说，还原度高不高取决于后期处理强不强。,2022-07-19 ,福建,4,7122039245035801871
94138585240,零叁贰柒,有一说一，她是我这个对cos无感的人唯一关注的cos人物，确实又被她的作品惊艳到,2022-08-08 ,四川,4,7122039245035801871
64543765655,阿肥是只猫,我只羡慕她男朋友[看],2022-07-21 ,四川,2,7122039245035801871
62603116289,用户2161455377212,左边的老外姐姐全程姨母笑哈哈哈哈,2022-07-21 ,湖北,2,7122039245035801871
80833777286,Fan°,最喜欢梅菲斯[流泪],2022-08-01 ,广东,1,7122039245035801871
69769994274,娃娃,我觉得小柔最像的是宝青坊坊主～[看],2022-07-22 ,河北,6,7122039245035801871
111071154269,。。。。。。。。。。,高科技，怕了把[看][看][看],2022-07-19 ,湖南,2,7122039245035801871
72151912670,🌈珂子子子子子🌈,如果你跟她们说她已经有女儿了，她们会怎么样[看],2022-07-20 ,山西,2,7122039245035801871
91616491247,111111111,,2023-06-10 ,IP未知,0,7122039245035801871
483383612024621,雪球大人🐰,…就算ps人家也很用心去还原细节了。正常cos谁能真的做到这样啊,2022-07-20 ,江苏,2,7122039245035801871
52135947983,Word麻鸭,小柔在推上特别特别火[泪奔][泪奔][泪奔],2022-07-20 ,江西,1,7122039245035801871
55647750493,那年风雪，那年雨,"看肩宽
看眼睛大小
看牙齿
看服装",2022-07-19 ,广东,1,7122039245035801871
81367809720,星星之火,小柔确实是cos天花板,2022-07-31 ,山西,8,7122039245035801871
92455850063,一支凡笔,好想娶小柔回家。,2025-05-07 ,安徽,0,7122039245035801871
2186299297502269,想搞诡秘的绝望女人,我竟然一直盯着她的手看,2022-07-25 ,广东,1,7122039245035801871
4116993687173048,Roseville,人鱼公主那个太可爱了吧[泣不成声]好绝,2022-09-27 ,云南,1,7122039245035801871
59137547994,单脚拉屎妹,左边那个就像我看甜甜的爱情剧一样，一直姨母笑[泪奔],2022-07-21 ,浙江,1,7122039245035801871
67265403098,📷CHENJIE,@ᰔᩚ.ᝰꫛꪮꪮꫜ 冉,2024-12-12 ,北京,0,7122039245035801871
98755666188,做人最主要的就是要开心,第二个是不是鼹鼠,2022-07-19 ,新疆,1,7122039245035801871
63001925070,用户2350811766467,虽然但是小柔在迪士尼类似画风的cos系列都做的很还原[泪奔],2022-07-20 ,四川,4,7122039245035801871
51819783570,冥,小柔撇开人品不说，迪士尼公主系列我觉得还是很好看的，其他的不做评价[看],2022-07-20 ,四川,1,7122039245035801871
94121940140,爱抓鱼的猫,就我一个看不惯这小柔嘛,2022-07-20 ,新疆,2,7122039245035801871
100170433366,年年,我觉得小柔很好看[流泪]我只管她好看，反正我没机会跟她过日子我不在乎她的三观和事件[看]她能养我眼我就满足了[看],2022-08-22 ,浙江,6,7122039245035801871
769271374296941,"""x”",有一个博主更像，叫什么团，小柔妆容太浓了,2022-07-20 ,四川,2,7122039245035801871
51394047498,思往矣琢鞠雾,对她没好感，但cos的还原度方面是真的高,2022-08-23 ,湖南,6,7122039245035801871
198364358523149,快乐的囧鱼,小柔真就是cos天花板,2022-07-20 ,黑龙江,1,7122039245035801871
98881634684,智尚酒店杨林大学城里外里店,这不就是小柔吗？,2023-07-07 ,云南,0,7122039245035801871
1041987550068148,削火火,和小柔像不像，一模一样，不是双胞胎，这是个cos主播，一看就是化妆成的，再加上特效，小柔就是那样的，真的是,2024-02-16 ,河北,1,7122039245035801871
62462042542,冰哥哥,超越原版动画,2022-07-20 ,河南,1,7122039245035801871
87905100932,落笔成殇,好聪明啊，直接看眼睛。不然真的分辨不出来[捂脸],2023-01-03 ,北京,1,7122039245035801871
60877139057,糖心太阳,虽然不是很喜欢小柔 网上也说他好多黑料和心机的事情 但她的Cos是真的厉害 不知道是不是背后又搞什么鬼 但是如果背后没搞鬼的话 只是简单Cos 那是真的牛,2022-08-07 ,山东,3,7122039245035801871
102128056331,丁香结,别的不说了 她表情都把握啊动作控制力啊真的有那味[流泪][流泪][流泪],2022-07-22 ,陕西,4,7122039245035801871
75198448191,飛,小柔在cosplay方面，前无古人后无来者,2023-06-02 ,河北,3,7122039245035801871
241524269911403,陈雅婷。,@小柔你好美呀，,2025-01-15 ,湖北,1,7122039245035801871
72756294349,᭄ℳ๓藝,外国人真直[干饭人],2024-12-14 ,安徽,1,7122039245035801871
1816048815050867,是小高呀～（暴富版）,哈？？？居然都是同一个人,2022-07-23 ,广东,3,7122039245035801871
101885809174,野原（のはら）,事实证明，只要人们选择视而不见，互联网是可以没有记忆的[看],2022-07-23 ,安徽,1,7122039245035801871
71511890589,北栀,,2025-10-28 ,新疆,0,7122039245035801871
106499026086,伯雅殇蝶,"我一点都不羡慕小柔的老公… 真的…[暗中观察]



好吧，我真的很羡慕他[泣不成声]",2022-07-19 ,福建,4,7122039245035801871
3056235525180903,子时一刻,真人版有生机，也有恐怖谷效应,2022-08-08 ,广东,1,7122039245035801871
105884297688,梦中情猫🥰,英雄联盟那个我甚至没分出来哪个是真人[泪奔],2023-09-17 ,山东,4,7122039245035801871
93967153811,✨ ✨,洗脸水能包二两饺子[泪奔],2022-07-19 ,上海,2,7122039245035801871
12795769523741,耿耿Z☡zᶻ ⌁,三姐[送心],2022-07-21 ,重庆,5,7122039245035801871
874827163114701,🦅萬鯉🍟（见过莎头混双版）,不说别的方面光看cos真的挺细节的 没什么说的其实,2022-07-21 ,江西,1,7122039245035801871
100932649813,大boy,只要不是瞎子一眼就认出真假,2022-07-26 ,新疆,1,7122039245035801871
4045847588776381,王老师说健康养生,小柔刚刚才刷到，现在又刷到你们这小柔真的很可爱。,2022-07-31 ,贵州,1,7122039245035801871
52651596315,"将扰扰 , 付悠悠。",Pscos  是挺好看的，但当成cos最棒大可不必。,2022-07-19 ,浙江,2,7122039245035801871
3174986924178695,天空之殇,小柔的cos成片效果是我见过coser里最好的,2024-12-08 ,黑龙江,0,7122039245035801871
180740477158572,用户8203292748993,[666][666][666],2024-11-30 ,陕西,0,7122039245035801871
83910166277,T.review.🥀,他没有带眼瞳，也没有放大眼睛,2023-07-25 ,四川,0,7122039245035801871
93294270175,啊木,联盟那个表演，我前几秒没发现是cos出来的,2022-08-20 ,湖北,2,7122039245035801871
3734354767395182,薄荷猫,最恨的就是小柔结婚了  居然还有三个孩子[大笑],2022-07-19 ,广东,1,7122039245035801871
59039145425,幸运,小柔的cosplay 不是模仿，是还原，在这方面她绝对是抖音天花板[赞][赞][赞],2022-07-20 ,吉林,1,7122039245035801871
3790729406847981,澈缘,那个小变色龙叫帕斯卡[流泪][流泪],2022-08-02 ,北京,1,7122039245035801871
4481265329767293,hitomae,有种手段叫做后期制作,2022-07-19 ,天津,2,7122039245035801871
104930583402,熬夜修仙~法力无边,这是cos天花板上层，不容反驳,2022-07-20 ,山东,1,7122039245035801871
3633262447050360,老六且专一¨,梅菲斯那个真的一毛一样[泣不成声],2022-07-21 ,广西,1,7122039245035801871
2960315198746843,芦彩莲,你偷偷骂我两句吧[坏笑],2025-05-20 ,甘肃,0,7122039245035801871
3954310627724635,玉桂狗~小梦💫✨,我听不懂英文,2023-05-06 ,湖南,0,7122039245035801871
59803789271,①念之间,[看]模仿啥像啥,2022-07-20 ,广东,1,7122039245035801871
2735184718332936,用户128625496132,各种滤，滤出来的效果,2022-07-19 ,北京,2,7122039245035801871
97591033417,鈍感               🪳,谁不知道小柔不长那样呢[泪奔]关注确实是因为她这化妆以及视频剪辑技术真的好,2022-09-27 ,四川,1,7122039245035801871
111193165995,彭蓬松,为什么明知道小柔已经结婚了，我却还是…[看],2022-07-23 ,广东,2,7122039245035801871
93921923326,钟想新丝滑,眼睛就不一样,2022-07-20 ,浙江,1,7122039245035801871
2128272285246088,厌离,天花板就算了[感谢],2022-07-21 ,湖南,4,7122039245035801871
93833835707,浅朵朵ぴ🌸,她是真人打败动漫的天花板[呲牙],2022-07-24 ,福建,1,7122039245035801871
60105283862,三重刘德华,单说cos这绝对天花板 其他的不知道 也不用知道 在我这里他就是个cos的妹子,2022-09-08 ,四川,1,7122039245035801871
51465341492,遥,沃德天，无法分辨[呲牙][呲牙],2025-01-25 ,山东,0,7122039245035801871
1764050078278487,南风扶摇过.,小柔第二个cosplay的到底是哪个公主啊？电影是啥[流泪][流泪],2023-06-09 ,河南,0,7122039245035801871
71716293197,倒计时,网络上算是cos天花板了，就算ps也没人有她那么像。毕竟现实漫展，也没有那么神的，都差强人意。千万别说cos不行，就算一点都不像都要放心里。玩的就是鬼畜[看],2022-08-12 ,江苏,1,7122039245035801871
60265721215,vickiej729,我家小柔就是这么厉害[比心]比小小白有出息多了[抠鼻],2022-07-19 ,湖北,1,7122039245035801871
102251904633,17,以前我在想[看]真人如果有这样的动漫外貌，这不是妥妥的👽吗,2022-07-22 ,广东,1,7122039245035801871
94599398757,丸砸儿,绝了,2023-03-06 ,河南,0,7122039245035801871
101999788224,Admin.*,第一个右边是真人,2025-07-07 ,北京,0,7122039245035801871
1402600389883043,珏處逢生,哪个cos博主不用美颜特效啊[流泪],2022-07-31 ,山东,1,7122039245035801871
88885514964,秋枫,为什么我一眼就看出，难道我都智商很高,2023-06-27 ,浙江,0,7122039245035801871
111609619321,辣椒面,第二个是夏天脸被蚊子叮红的吗？[看],2022-07-24 ,云南,2,7122039245035801871
52740684565,拖鞋,小柔是很优秀。不过她的脸不全是化妆，有电脑特效的。脸型变了。[机智][机智][机智][机智][机智][机智][机智][机智],2025-05-16 ,浙江,0,7122039245035801871
104563132307,天真无邪,眼睛小的是真人,2022-07-19 ,河南,1,7122039245035801871
59380710704,52赫兹的鲸鱼🐳,萨勒芬妮走一波，感觉cos比动画更漂亮,2022-07-19 ,海南,12,7122039245035801871
51119531863,第111束鸢尾,虽然人不行，但是COS的的确蛮好看,2022-07-21 ,江苏,1,7122039245035801871
58816680913,咲夜,格温那个才是真的绝了！比原画还好看[泣不成声][泣不成声][泣不成声],2024-09-04 ,天津,3,7122039245035801871
93441517583,✨HZ,艾莎那段模仿也超好的,2022-07-21 ,浙江,1,7122039245035801871
110619579339,讲完了,你得告诉她们这是两个孩子的娘[看],2022-11-08 ,浙江,0,7122039245035801871
93523937007,Mintttttt,这表情比外国人还丰富,2022-09-28 ,北京,2,7122039245035801871
2708790757305631,奶一口果冻,五个中、就认识金克丝、其她的都不认识[捂脸],2023-06-30 ,广东,1,7122039245035801871
72187060820,小沫沐゛,小柔cos天花板。大家没意见吧,2022-07-20 ,广东,1,7122039245035801871
2718439694411646,杀神白起,都是十分性感的小姐姐,2024-11-12 ,江西,0,7436197916999535931
